"","X","A","B","uAuB","Au","Bu","E.x","E.y","pA","peA","pB","peB","Pr","PrUn","index","structure","posterior","groupPost","pgroup","trialtype","node","cesm","node2","node3"
"1",1,0,0,"00",0,0,0,0,0.9,0.5,0.2,0.5,0.045,0.25,1,"disjunctive",0.25,1,"1","d1","A",0.0628737547003438,"A","A=0"
"2",1,0,0,"00",0,0,0,0,0.9,0.5,0.2,0.5,0.045,0.25,1,"disjunctive",0.25,1,"1","d1","Au=0",0.0262423642506316,"Au","Au=0"
"3",1,0,0,"00",0,0,0,0,0.9,0.5,0.2,0.5,0.045,0.25,1,"disjunctive",0.25,1,"1","d1","B",0.162539000359047,"B","B=0"
"4",1,0,0,"00",0,0,0,0,0.9,0.5,0.2,0.5,0.045,0.25,1,"disjunctive",0.25,1,"1","d1","Bu=0",0.217630800457739,"Bu","Bu=0"
"5",2,0,0,"01",0,1,0,0,0.9,0.5,0.2,0.5,0.045,0.25,2,"disjunctive",0.25,1,"1","d1","A",0.0253560474656439,"A","A=0"
"6",2,0,0,"01",0,1,0,0,0.9,0.5,0.2,0.5,0.045,0.25,2,"disjunctive",0.25,1,"1","d1","Au=0",0.010640701183818,"Au","Au=0"
"7",2,0,0,"01",0,1,0,0,0.9,0.5,0.2,0.5,0.045,0.25,2,"disjunctive",0.25,1,"1","d1","B",0.445255497120307,"B","B=0"
"8",2,0,0,"01",0,1,0,0,0.9,0.5,0.2,0.5,0.045,0.25,2,"disjunctive",0.25,1,"1","d1","Bu=1",0.105199526381208,"Bu","Bu=1"
"9",3,0,0,"10",1,0,0,0,0.9,0.5,0.2,0.5,0.045,0.25,3,"disjunctive",0.25,1,"1","d1","A",0.031239165081825,"A","A=0"
"10",3,0,0,"10",1,0,0,0,0.9,0.5,0.2,0.5,0.045,0.25,3,"disjunctive",0.25,1,"1","d1","Au=1",0.0129597534366689,"Au","Au=1"
"11",3,0,0,"10",1,0,0,0,0.9,0.5,0.2,0.5,0.045,0.25,3,"disjunctive",0.25,1,"1","d1","B",0.0501943973617004,"B","B=0"
"12",3,0,0,"10",1,0,0,0,0.9,0.5,0.2,0.5,0.045,0.25,3,"disjunctive",0.25,1,"1","d1","Bu=0",0.474615253760111,"Bu","Bu=0"
"13",4,0,0,"11",1,1,0,0,0.9,0.5,0.2,0.5,0.045,0.25,4,"disjunctive",0.25,1,"1","d1","A",0.00637741202048132,"A","A=0"
"14",4,0,0,"11",1,1,0,0,0.9,0.5,0.2,0.5,0.045,0.25,4,"disjunctive",0.25,1,"1","d1","Au=1",0.00256115837611897,"Au","Au=1"
"15",4,0,0,"11",1,1,0,0,0.9,0.5,0.2,0.5,0.045,0.25,4,"disjunctive",0.25,1,"1","d1","B",0.250257710088648,"B","B=0"
"16",4,0,0,"11",1,1,0,0,0.9,0.5,0.2,0.5,0.045,0.25,4,"disjunctive",0.25,1,"1","d1","Bu=1",0.418595556406695,"Bu","Bu=1"
"17",5,0,1,"00",0,0,0,0,0.9,0.5,0.8,0.5,0.18,0.25,5,"disjunctive",0.5,2,"1","d2","A",0.292774344705684,"A","A=0"
"18",5,0,1,"00",0,0,0,0,0.9,0.5,0.8,0.5,0.18,0.25,5,"disjunctive",0.5,2,"1","d2","Au=0",0.0215900373204234,"Au","Au=0"
"19",5,0,1,"00",0,0,0,0,0.9,0.5,0.8,0.5,0.18,0.25,5,"disjunctive",0.5,2,"1","d2","B",0.130388335944832,"B","B=1"
"20",5,0,1,"00",0,0,0,0,0.9,0.5,0.8,0.5,0.18,0.25,5,"disjunctive",0.5,2,"1","d2","Bu=0",0.17538324785498,"Bu","Bu=0"
"21",6,0,1,"00",0,0,1,0,0.9,0.5,0.8,0.5,0.18,0.25,6,"disjunctive",0,3,"1","d3","A",0.293905086877974,"A","A=0"
"22",6,0,1,"00",0,0,1,0,0.9,0.5,0.8,0.5,0.18,0.25,6,"disjunctive",0,3,"1","d3","Au=0",0.0218973001552017,"Au","Au=0"
"23",6,0,1,"00",0,0,1,0,0.9,0.5,0.8,0.5,0.18,0.25,6,"disjunctive",0,3,"1","d3","B",0.1309843005545,"B","B=1"
"24",6,0,1,"00",0,0,1,0,0.9,0.5,0.8,0.5,0.18,0.25,6,"disjunctive",0,3,"1","d3","Bu=0",0.174721644717984,"Bu","Bu=0"
"25",7,0,1,"01",0,1,0,1,0.9,0.5,0.8,0.5,0.18,0.25,7,"disjunctive",0,2,"1","d2","A",0.137858377486393,"A","A=0"
"26",7,0,1,"01",0,1,0,1,0.9,0.5,0.8,0.5,0.18,0.25,7,"disjunctive",0,2,"1","d2","Au=0",0.010220492306964,"Au","Au=0"
"27",7,0,1,"01",0,1,0,1,0.9,0.5,0.8,0.5,0.18,0.25,7,"disjunctive",0,2,"1","d2","B",0.423120007932125,"B","B=1"
"28",7,0,1,"01",0,1,0,1,0.9,0.5,0.8,0.5,0.18,0.25,7,"disjunctive",0,2,"1","d2","Bu=1",0.100100434252816,"Bu","Bu=1"
"29",8,0,1,"01",0,1,1,1,0.9,0.5,0.8,0.5,0.18,0.25,8,"disjunctive",0.5,3,"1","d3","A",0.138039761803724,"A","A=0"
"30",8,0,1,"01",0,1,1,1,0.9,0.5,0.8,0.5,0.18,0.25,8,"disjunctive",0.5,3,"1","d3","Au=0",0.0102356007678994,"Au","Au=0"
"31",8,0,1,"01",0,1,1,1,0.9,0.5,0.8,0.5,0.18,0.25,8,"disjunctive",0.5,3,"1","d3","B",0.424237852317551,"B","B=1"
"32",8,0,1,"01",0,1,1,1,0.9,0.5,0.8,0.5,0.18,0.25,8,"disjunctive",0.5,3,"1","d3","Bu=1",0.100171926561358,"Bu","Bu=1"
"33",9,0,1,"10",1,0,0,0,0.9,0.5,0.8,0.5,0.18,0.25,9,"disjunctive",0.5,2,"1","d2","A",0.168710756437137,"A","A=0"
"34",9,0,1,"10",1,0,0,0,0.9,0.5,0.8,0.5,0.18,0.25,9,"disjunctive",0.5,2,"1","d2","Au=1",0.0125675787549179,"Au","Au=1"
"35",9,0,1,"10",1,0,0,0,0.9,0.5,0.8,0.5,0.18,0.25,9,"disjunctive",0.5,2,"1","d2","B",0.0470999417847007,"B","B=1"
"36",9,0,1,"10",1,0,0,0,0.9,0.5,0.8,0.5,0.18,0.25,9,"disjunctive",0.5,2,"1","d2","Bu=0",0.443785651712964,"Bu","Bu=0"
"37",10,0,1,"10",1,0,1,0,0.9,0.5,0.8,0.5,0.18,0.25,10,"disjunctive",0,3,"1","d3","A",0.169460541621617,"A","A=0"
"38",10,0,1,"10",1,0,1,0,0.9,0.5,0.8,0.5,0.18,0.25,10,"disjunctive",0,3,"1","d3","Au=1",0.0122539077767087,"Au","Au=1"
"39",10,0,1,"10",1,0,1,0,0.9,0.5,0.8,0.5,0.18,0.25,10,"disjunctive",0,3,"1","d3","B",0.0466745337985723,"B","B=1"
"40",10,0,1,"10",1,0,1,0,0.9,0.5,0.8,0.5,0.18,0.25,10,"disjunctive",0,3,"1","d3","Bu=0",0.442137130998033,"Bu","Bu=0"
"41",11,0,1,"11",1,1,0,1,0.9,0.5,0.8,0.5,0.18,0.25,11,"disjunctive",0,2,"1","d2","A",0.0368571480883116,"A","A=0"
"42",11,0,1,"11",1,1,0,1,0.9,0.5,0.8,0.5,0.18,0.25,11,"disjunctive",0,2,"1","d2","Au=1",0.00262858548489927,"Au","Au=1"
"43",11,0,1,"11",1,1,0,1,0.9,0.5,0.8,0.5,0.18,0.25,11,"disjunctive",0,2,"1","d2","B",0.247821489684275,"B","B=1"
"44",11,0,1,"11",1,1,0,1,0.9,0.5,0.8,0.5,0.18,0.25,11,"disjunctive",0,2,"1","d2","Bu=1",0.412676801499155,"Bu","Bu=1"
"45",12,0,1,"11",1,1,1,1,0.9,0.5,0.8,0.5,0.18,0.25,12,"disjunctive",0.5,3,"1","d3","A",0.0365556699032357,"A","A=0"
"46",12,0,1,"11",1,1,1,1,0.9,0.5,0.8,0.5,0.18,0.25,12,"disjunctive",0.5,3,"1","d3","Au=1",0.00279028099368621,"Au","Au=1"
"47",12,0,1,"11",1,1,1,1,0.9,0.5,0.8,0.5,0.18,0.25,12,"disjunctive",0.5,3,"1","d3","B",0.248778608697965,"B","B=1"
"48",12,0,1,"11",1,1,1,1,0.9,0.5,0.8,0.5,0.18,0.25,12,"disjunctive",0.5,3,"1","d3","Bu=1",0.411900236164431,"Bu","Bu=1"
"49",13,1,0,"00",0,0,0,0,0.1,0.5,0.2,0.5,0.005,0.25,13,"disjunctive",0.5,4,"1","d4","A",0.0922001509669303,"A","A=1"
"50",13,1,0,"00",0,0,0,0,0.1,0.5,0.2,0.5,0.005,0.25,13,"disjunctive",0.5,4,"1","d4","Au=0",0.359749577305646,"Au","Au=0"
"51",13,1,0,"00",0,0,0,0,0.1,0.5,0.2,0.5,0.005,0.25,13,"disjunctive",0.5,4,"1","d4","B",0.0816812251881672,"B","B=0"
"52",13,1,0,"00",0,0,0,0,0.1,0.5,0.2,0.5,0.005,0.25,13,"disjunctive",0.5,4,"1","d4","Bu=0",0.109207548870545,"Bu","Bu=0"
"53",14,1,0,"00",0,0,1,0,0.1,0.5,0.2,0.5,0.005,0.25,14,"disjunctive",0,5,"1","d5","A",0.0920662223600229,"A","A=1"
"54",14,1,0,"00",0,0,1,0,0.1,0.5,0.2,0.5,0.005,0.25,14,"disjunctive",0,5,"1","d5","Au=0",0.360239056337993,"Au","Au=0"
"55",14,1,0,"00",0,0,1,0,0.1,0.5,0.2,0.5,0.005,0.25,14,"disjunctive",0,5,"1","d5","B",0.0819387727308434,"B","B=0"
"56",14,1,0,"00",0,0,1,0,0.1,0.5,0.2,0.5,0.005,0.25,14,"disjunctive",0,5,"1","d5","Bu=0",0.109534847483785,"Bu","Bu=0"
"57",15,1,0,"01",0,1,0,0,0.1,0.5,0.2,0.5,0.005,0.25,15,"disjunctive",0.5,4,"1","d4","A",0.0581668348296928,"A","A=1"
"58",15,1,0,"01",0,1,0,0,0.1,0.5,0.2,0.5,0.005,0.25,15,"disjunctive",0.5,4,"1","d4","Au=0",0.228687999011295,"Au","Au=0"
"59",15,1,0,"01",0,1,0,0,0.1,0.5,0.2,0.5,0.005,0.25,15,"disjunctive",0.5,4,"1","d4","B",0.356259997878917,"B","B=0"
"60",15,1,0,"01",0,1,0,0,0.1,0.5,0.2,0.5,0.005,0.25,15,"disjunctive",0.5,4,"1","d4","Bu=1",0.0837463808155567,"Bu","Bu=1"
"61",16,1,0,"01",0,1,1,0,0.1,0.5,0.2,0.5,0.005,0.25,16,"disjunctive",0,5,"1","d5","A",0.0583832223102852,"A","A=1"
"62",16,1,0,"01",0,1,1,0,0.1,0.5,0.2,0.5,0.005,0.25,16,"disjunctive",0,5,"1","d5","Au=0",0.22857243446719,"Au","Au=0"
"63",16,1,0,"01",0,1,1,0,0.1,0.5,0.2,0.5,0.005,0.25,16,"disjunctive",0,5,"1","d5","B",0.356228168419424,"B","B=0"
"64",16,1,0,"01",0,1,1,0,0.1,0.5,0.2,0.5,0.005,0.25,16,"disjunctive",0,5,"1","d5","Bu=1",0.083446745860503,"Bu","Bu=1"
"65",17,1,0,"10",1,0,0,1,0.1,0.5,0.2,0.5,0.005,0.25,17,"disjunctive",0,4,"1","d4","A",0.0676154795564909,"A","A=1"
"66",17,1,0,"10",1,0,0,1,0.1,0.5,0.2,0.5,0.005,0.25,17,"disjunctive",0,4,"1","d4","Au=1",0.264209662690823,"Au","Au=1"
"67",17,1,0,"10",1,0,0,1,0.1,0.5,0.2,0.5,0.005,0.25,17,"disjunctive",0,4,"1","d4","B",0.0371862574063585,"B","B=0"
"68",17,1,0,"10",1,0,0,1,0.1,0.5,0.2,0.5,0.005,0.25,17,"disjunctive",0,4,"1","d4","Bu=0",0.352688911469973,"Bu","Bu=0"
"69",18,1,0,"10",1,0,1,1,0.1,0.5,0.2,0.5,0.005,0.25,18,"disjunctive",0.5,5,"1","d5","A",0.0677932802175202,"A","A=1"
"70",18,1,0,"10",1,0,1,1,0.1,0.5,0.2,0.5,0.005,0.25,18,"disjunctive",0.5,5,"1","d5","Au=1",0.264223717521279,"Au","Au=1"
"71",18,1,0,"10",1,0,1,1,0.1,0.5,0.2,0.5,0.005,0.25,18,"disjunctive",0.5,5,"1","d5","B",0.0373377547199184,"B","B=0"
"72",18,1,0,"10",1,0,1,1,0.1,0.5,0.2,0.5,0.005,0.25,18,"disjunctive",0.5,5,"1","d5","Bu=0",0.35149506284584,"Bu","Bu=0"
"73",19,1,0,"11",1,1,0,1,0.1,0.5,0.2,0.5,0.005,0.25,19,"disjunctive",0,4,"1","d4","A",0.0174405687137167,"A","A=1"
"74",19,1,0,"11",1,1,0,1,0.1,0.5,0.2,0.5,0.005,0.25,19,"disjunctive",0,4,"1","d4","Au=1",0.0684689462886332,"Au","Au=1"
"75",19,1,0,"11",1,1,0,1,0.1,0.5,0.2,0.5,0.005,0.25,19,"disjunctive",0,4,"1","d4","B",0.234174338818723,"B","B=0"
"76",19,1,0,"11",1,1,0,1,0.1,0.5,0.2,0.5,0.005,0.25,19,"disjunctive",0,4,"1","d4","Bu=1",0.390397437101925,"Bu","Bu=1"
"77",20,1,0,"11",1,1,1,1,0.1,0.5,0.2,0.5,0.005,0.25,20,"disjunctive",0.5,5,"1","d5","A",0.0175959764417326,"A","A=1"
"78",20,1,0,"11",1,1,1,1,0.1,0.5,0.2,0.5,0.005,0.25,20,"disjunctive",0.5,5,"1","d5","Au=1",0.0686938541836141,"Au","Au=1"
"79",20,1,0,"11",1,1,1,1,0.1,0.5,0.2,0.5,0.005,0.25,20,"disjunctive",0.5,5,"1","d5","B",0.233642964850593,"B","B=0"
"80",20,1,0,"11",1,1,1,1,0.1,0.5,0.2,0.5,0.005,0.25,20,"disjunctive",0.5,5,"1","d5","Bu=1",0.390825271458683,"Bu","Bu=1"
"81",21,1,1,"00",0,0,0,0,0.1,0.5,0.8,0.5,0.02,0.25,21,"disjunctive",1,6,"1","d6","A",0.377062380015909,"A","A=1"
"82",21,1,1,"00",0,0,0,0,0.1,0.5,0.8,0.5,0.02,0.25,21,"disjunctive",1,6,"1","d6","Au=0",0.261100561909951,"Au","Au=0"
"83",21,1,1,"00",0,0,0,0,0.1,0.5,0.8,0.5,0.02,0.25,21,"disjunctive",1,6,"1","d6","B",0.0249796292016439,"B","B=1"
"84",21,1,1,"00",0,0,0,0,0.1,0.5,0.8,0.5,0.02,0.25,21,"disjunctive",1,6,"1","d6","Bu=0",0.0340486137466948,"Bu","Bu=0"
"85",22,1,1,"00",0,0,1,0,0.1,0.5,0.8,0.5,0.02,0.25,22,"disjunctive",0,7,"1","d7","A",0.376979189266564,"A","A=1"
"86",22,1,1,"00",0,0,1,0,0.1,0.5,0.8,0.5,0.02,0.25,22,"disjunctive",0,7,"1","d7","Au=0",0.260648309153561,"Au","Au=0"
"87",22,1,1,"00",0,0,1,0,0.1,0.5,0.8,0.5,0.02,0.25,22,"disjunctive",0,7,"1","d7","B",0.0251755305723505,"B","B=1"
"88",22,1,1,"00",0,0,1,0,0.1,0.5,0.8,0.5,0.02,0.25,22,"disjunctive",0,7,"1","d7","Bu=0",0.0336929094852191,"Bu","Bu=0"
"89",23,1,1,"01",0,1,0,1,0.1,0.5,0.8,0.5,0.02,0.25,23,"disjunctive",0,6,"1","d6","A",0.327151622286634,"A","A=1"
"90",23,1,1,"01",0,1,0,1,0.1,0.5,0.8,0.5,0.02,0.25,23,"disjunctive",0,6,"1","d6","Au=0",0.225657598334363,"Au","Au=0"
"91",23,1,1,"01",0,1,0,1,0.1,0.5,0.8,0.5,0.02,0.25,23,"disjunctive",0,6,"1","d6","B",0.149056831373958,"B","B=1"
"92",23,1,1,"01",0,1,0,1,0.1,0.5,0.8,0.5,0.02,0.25,23,"disjunctive",0,6,"1","d6","Bu=1",0.0354404684347674,"Bu","Bu=1"
"93",24,1,1,"01",0,1,1,1,0.1,0.5,0.8,0.5,0.02,0.25,24,"disjunctive",0.333333333333333,7,"1","d7","A",0.326126709466257,"A","A=1"
"94",24,1,1,"01",0,1,1,1,0.1,0.5,0.8,0.5,0.02,0.25,24,"disjunctive",0.333333333333333,7,"1","d7","Au=0",0.226355820083167,"Au","Au=0"
"95",24,1,1,"01",0,1,1,1,0.1,0.5,0.8,0.5,0.02,0.25,24,"disjunctive",0.333333333333333,7,"1","d7","B",0.150149291350953,"B","B=1"
"96",24,1,1,"01",0,1,1,1,0.1,0.5,0.8,0.5,0.02,0.25,24,"disjunctive",0.333333333333333,7,"1","d7","Bu=1",0.035420977006212,"Bu","Bu=1"
"97",25,1,1,"10",1,0,0,1,0.1,0.5,0.8,0.5,0.02,0.25,25,"disjunctive",0,6,"1","d6","A",0.345453008009846,"A","A=1"
"98",25,1,1,"10",1,0,0,1,0.1,0.5,0.8,0.5,0.02,0.25,25,"disjunctive",0,6,"1","d6","Au=1",0.238434334496754,"Au","Au=1"
"99",25,1,1,"10",1,0,0,1,0.1,0.5,0.8,0.5,0.02,0.25,25,"disjunctive",0,6,"1","d6","B",0.0144554475987905,"B","B=1"
"100",25,1,1,"10",1,0,0,1,0.1,0.5,0.8,0.5,0.02,0.25,25,"disjunctive",0,6,"1","d6","Bu=0",0.136227789852558,"Bu","Bu=0"
"101",26,1,1,"10",1,0,1,1,0.1,0.5,0.8,0.5,0.02,0.25,26,"disjunctive",0.333333333333333,7,"1","d7","A",0.345156525944555,"A","A=1"
"102",26,1,1,"10",1,0,1,1,0.1,0.5,0.8,0.5,0.02,0.25,26,"disjunctive",0.333333333333333,7,"1","d7","Au=1",0.239036354602907,"Au","Au=1"
"103",26,1,1,"10",1,0,1,1,0.1,0.5,0.8,0.5,0.02,0.25,26,"disjunctive",0.333333333333333,7,"1","d7","B",0.0143734706429498,"B","B=1"
"104",26,1,1,"10",1,0,1,1,0.1,0.5,0.8,0.5,0.02,0.25,26,"disjunctive",0.333333333333333,7,"1","d7","Bu=0",0.135387838478761,"Bu","Bu=0"
"105",27,1,1,"11",1,1,0,1,0.1,0.5,0.8,0.5,0.02,0.25,27,"disjunctive",0,6,"1","d6","A",0.143181621253194,"A","A=1"
"106",27,1,1,"11",1,1,0,1,0.1,0.5,0.8,0.5,0.02,0.25,27,"disjunctive",0,6,"1","d6","Au=1",0.0986337918140019,"Au","Au=1"
"107",27,1,1,"11",1,1,0,1,0.1,0.5,0.8,0.5,0.02,0.25,27,"disjunctive",0,6,"1","d6","B",0.144140207439172,"B","B=1"
"108",27,1,1,"11",1,1,0,1,0.1,0.5,0.8,0.5,0.02,0.25,27,"disjunctive",0,6,"1","d6","Bu=1",0.23936413778606,"Bu","Bu=1"
"109",28,1,1,"11",1,1,1,1,0.1,0.5,0.8,0.5,0.02,0.25,28,"disjunctive",0.333333333333333,7,"1","d7","A",0.143768563131124,"A","A=1"
"110",28,1,1,"11",1,1,1,1,0.1,0.5,0.8,0.5,0.02,0.25,28,"disjunctive",0.333333333333333,7,"1","d7","Au=1",0.099057049033064,"Au","Au=1"
"111",28,1,1,"11",1,1,1,1,0.1,0.5,0.8,0.5,0.02,0.25,28,"disjunctive",0.333333333333333,7,"1","d7","B",0.144284532687173,"B","B=1"
"112",28,1,1,"11",1,1,1,1,0.1,0.5,0.8,0.5,0.02,0.25,28,"disjunctive",0.333333333333333,7,"1","d7","Bu=1",0.240883236175302,"Bu","Bu=1"
"113",29,0,0,"00",0,0,0,0,0.9,0.5,0.2,0.5,0.045,0.25,1,"conjunctive",0.25,1,"1","c1","A",0.0377999275745657,"A","A=0"
"114",29,0,0,"00",0,0,0,0,0.9,0.5,0.2,0.5,0.045,0.25,1,"conjunctive",0.25,1,"1","c1","Au=0",0.0160735105666657,"Au","Au=0"
"115",29,0,0,"00",0,0,0,0,0.9,0.5,0.2,0.5,0.045,0.25,1,"conjunctive",0.25,1,"1","c1","B",0.0125899349256501,"B","B=0"
"116",29,0,0,"00",0,0,0,0,0.9,0.5,0.2,0.5,0.045,0.25,1,"conjunctive",0.25,1,"1","c1","Bu=0",0.0159161632044094,"Bu","Bu=0"
"117",30,0,0,"01",0,1,0,0,0.9,0.5,0.2,0.5,0.045,0.25,2,"conjunctive",0.25,1,"1","c1","A",0.0830283593484383,"A","A=0"
"118",30,0,0,"01",0,1,0,0,0.9,0.5,0.2,0.5,0.045,0.25,2,"conjunctive",0.25,1,"1","c1","Au=0",0.0350725786382215,"Au","Au=0"
"119",30,0,0,"01",0,1,0,0,0.9,0.5,0.2,0.5,0.045,0.25,2,"conjunctive",0.25,1,"1","c1","B",0.027027503819002,"B","B=0"
"120",30,0,0,"01",0,1,0,0,0.9,0.5,0.2,0.5,0.045,0.25,2,"conjunctive",0.25,1,"1","c1","Bu=1",0.00628545284715276,"Bu","Bu=1"
"121",31,0,0,"10",1,0,0,0,0.9,0.5,0.2,0.5,0.045,0.25,3,"conjunctive",0.25,1,"1","c1","A",0.0716245804569471,"A","A=0"
"122",31,0,0,"10",1,0,0,0,0.9,0.5,0.2,0.5,0.045,0.25,3,"conjunctive",0.25,1,"1","c1","Au=1",0.0308019961445415,"Au","Au=1"
"123",31,0,0,"10",1,0,0,0,0.9,0.5,0.2,0.5,0.045,0.25,3,"conjunctive",0.25,1,"1","c1","B",0.00312845516357168,"B","B=0"
"124",31,0,0,"10",1,0,0,0,0.9,0.5,0.2,0.5,0.045,0.25,3,"conjunctive",0.25,1,"1","c1","Bu=0",0.0306675264289474,"Bu","Bu=0"
"125",32,0,0,"11",1,1,0,0,0.9,0.5,0.2,0.5,0.045,0.25,4,"conjunctive",0.25,1,"1","c1","A",0.171070908843574,"A","A=0"
"126",32,0,0,"11",1,1,0,0,0.9,0.5,0.2,0.5,0.045,0.25,4,"conjunctive",0.25,1,"1","c1","Au=1",0.0708554912581961,"Au","Au=1"
"127",32,0,0,"11",1,1,0,0,0.9,0.5,0.2,0.5,0.045,0.25,4,"conjunctive",0.25,1,"1","c1","B",0.00766781325863484,"B","B=0"
"128",32,0,0,"11",1,1,0,0,0.9,0.5,0.2,0.5,0.045,0.25,4,"conjunctive",0.25,1,"1","c1","Bu=1",0.0125176290399659,"Bu","Bu=1"
"129",33,0,1,"00",0,0,0,0,0.9,0.5,0.8,0.5,0.18,0.25,5,"conjunctive",0.25,2,"1","c2","A",0.0857216574061899,"A","A=0"
"130",33,0,1,"00",0,0,0,0,0.9,0.5,0.8,0.5,0.18,0.25,5,"conjunctive",0.25,2,"1","c2","Au=0",0.00630744874609575,"Au","Au=0"
"131",33,0,1,"00",0,0,0,0,0.9,0.5,0.8,0.5,0.18,0.25,5,"conjunctive",0.25,2,"1","c2","B",0.0270376044647429,"B","B=1"
"132",33,0,1,"00",0,0,0,0,0.9,0.5,0.8,0.5,0.18,0.25,5,"conjunctive",0.25,2,"1","c2","Bu=0",0.0364830521271591,"Bu","Bu=0"
"133",34,0,1,"01",0,1,0,0,0.9,0.5,0.8,0.5,0.18,0.25,6,"conjunctive",0.25,2,"1","c2","A",0.205699281008851,"A","A=0"
"134",34,0,1,"01",0,1,0,0,0.9,0.5,0.8,0.5,0.18,0.25,6,"conjunctive",0.25,2,"1","c2","Au=0",0.0153002063347241,"Au","Au=0"
"135",34,0,1,"01",0,1,0,0,0.9,0.5,0.8,0.5,0.18,0.25,6,"conjunctive",0.25,2,"1","c2","B",0.0649472775735961,"B","B=1"
"136",34,0,1,"01",0,1,0,0,0.9,0.5,0.8,0.5,0.18,0.25,6,"conjunctive",0.25,2,"1","c2","Bu=1",0.0153512536191505,"Bu","Bu=1"
"137",35,0,1,"10",1,0,0,0,0.9,0.5,0.8,0.5,0.18,0.25,7,"conjunctive",0.25,2,"1","c2","A",0.168820508900227,"A","A=0"
"138",35,0,1,"10",1,0,0,0,0.9,0.5,0.8,0.5,0.18,0.25,7,"conjunctive",0.25,2,"1","c2","Au=1",0.0124397252130732,"Au","Au=1"
"139",35,0,1,"10",1,0,0,0,0.9,0.5,0.8,0.5,0.18,0.25,7,"conjunctive",0.25,2,"1","c2","B",0.00753389174253279,"B","B=1"
"140",35,0,1,"10",1,0,0,0,0.9,0.5,0.8,0.5,0.18,0.25,7,"conjunctive",0.25,2,"1","c2","Bu=0",0.0709791134883215,"Bu","Bu=0"
"141",36,0,1,"11",1,1,0,0,0.9,0.5,0.8,0.5,0.18,0.25,8,"conjunctive",0.25,2,"1","c2","A",0.409016559641463,"A","A=0"
"142",36,0,1,"11",1,1,0,0,0.9,0.5,0.8,0.5,0.18,0.25,8,"conjunctive",0.25,2,"1","c2","Au=1",0.0301751459855295,"Au","Au=1"
"143",36,0,1,"11",1,1,0,0,0.9,0.5,0.8,0.5,0.18,0.25,8,"conjunctive",0.25,2,"1","c2","B",0.0183279625817342,"B","B=1"
"144",36,0,1,"11",1,1,0,0,0.9,0.5,0.8,0.5,0.18,0.25,8,"conjunctive",0.25,2,"1","c2","Bu=1",0.0301260090617617,"Bu","Bu=1"
"145",37,1,0,"00",0,0,0,0,0.1,0.5,0.2,0.5,0.005,0.25,9,"conjunctive",0.25,3,"1","c3","A",0.019009466113676,"A","A=1"
"146",37,1,0,"00",0,0,0,0,0.1,0.5,0.2,0.5,0.005,0.25,9,"conjunctive",0.25,3,"1","c3","Au=0",0.0750684954225558,"Au","Au=0"
"147",37,1,0,"00",0,0,0,0,0.1,0.5,0.2,0.5,0.005,0.25,9,"conjunctive",0.25,3,"1","c3","B",0.0569172132668358,"B","B=0"
"148",37,1,0,"00",0,0,0,0,0.1,0.5,0.2,0.5,0.005,0.25,9,"conjunctive",0.25,3,"1","c3","Bu=0",0.0738511457582443,"Bu","Bu=0"
"149",38,1,0,"01",0,1,0,0,0.1,0.5,0.2,0.5,0.005,0.25,10,"conjunctive",0.25,3,"1","c3","A",0.0462149666914165,"A","A=1"
"150",38,1,0,"01",0,1,0,0,0.1,0.5,0.2,0.5,0.005,0.25,10,"conjunctive",0.25,3,"1","c3","Au=0",0.179492211694833,"Au","Au=0"
"151",38,1,0,"01",0,1,0,0,0.1,0.5,0.2,0.5,0.005,0.25,10,"conjunctive",0.25,3,"1","c3","B",0.133868109945436,"B","B=0"
"152",38,1,0,"01",0,1,0,0,0.1,0.5,0.2,0.5,0.005,0.25,10,"conjunctive",0.25,3,"1","c3","Bu=1",0.0318556170367285,"Bu","Bu=1"
"153",39,1,0,"10",1,0,0,0,0.1,0.5,0.2,0.5,0.005,0.25,11,"conjunctive",0.25,3,"1","c3","A",0.0376328767888979,"A","A=1"
"154",39,1,0,"10",1,0,0,0,0.1,0.5,0.2,0.5,0.005,0.25,11,"conjunctive",0.25,3,"1","c3","Au=1",0.148445510767363,"Au","Au=1"
"155",39,1,0,"10",1,0,0,0,0.1,0.5,0.2,0.5,0.005,0.25,11,"conjunctive",0.25,3,"1","c3","B",0.0161300867619252,"B","B=0"
"156",39,1,0,"10",1,0,0,0,0.1,0.5,0.2,0.5,0.005,0.25,11,"conjunctive",0.25,3,"1","c3","Bu=0",0.148309638909075,"Bu","Bu=0"
"157",40,1,0,"11",1,1,0,0,0.1,0.5,0.2,0.5,0.005,0.25,12,"conjunctive",0.25,3,"1","c3","A",0.0946871328943885,"A","A=1"
"158",40,1,0,"11",1,1,0,0,0.1,0.5,0.2,0.5,0.005,0.25,12,"conjunctive",0.25,3,"1","c3","Au=1",0.36932100676046,"Au","Au=1"
"159",40,1,0,"11",1,1,0,0,0.1,0.5,0.2,0.5,0.005,0.25,12,"conjunctive",0.25,3,"1","c3","B",0.0390983887567797,"B","B=0"
"160",40,1,0,"11",1,1,0,0,0.1,0.5,0.2,0.5,0.005,0.25,12,"conjunctive",0.25,3,"1","c3","Bu=1",0.0655287757708141,"Bu","Bu=1"
"161",41,1,1,"00",0,0,0,0,0.1,0.5,0.8,0.5,0.02,0.25,13,"conjunctive",0.333333333333333,4,"1","c4","A",0.0454154422423084,"A","A=1"
"162",41,1,1,"00",0,0,0,0,0.1,0.5,0.8,0.5,0.02,0.25,13,"conjunctive",0.333333333333333,4,"1","c4","Au=0",0.0318146422261768,"Au","Au=0"
"163",41,1,1,"00",0,0,0,0,0.1,0.5,0.8,0.5,0.02,0.25,13,"conjunctive",0.333333333333333,4,"1","c4","B",0.135821463477617,"B","B=1"
"164",41,1,1,"00",0,0,0,0,0.1,0.5,0.8,0.5,0.02,0.25,13,"conjunctive",0.333333333333333,4,"1","c4","Bu=0",0.181116757533516,"Bu","Bu=0"
"165",42,1,1,"00",0,0,1,0,0.1,0.5,0.8,0.5,0.02,0.25,14,"conjunctive",0,5,"1","c5","A",0.0461120744355262,"A","A=1"
"166",42,1,1,"00",0,0,1,0,0.1,0.5,0.8,0.5,0.02,0.25,14,"conjunctive",0,5,"1","c5","Au=0",0.0315458900746774,"Au","Au=0"
"167",42,1,1,"00",0,0,1,0,0.1,0.5,0.8,0.5,0.02,0.25,14,"conjunctive",0,5,"1","c5","B",0.133967414492403,"B","B=1"
"168",42,1,1,"00",0,0,1,0,0.1,0.5,0.8,0.5,0.02,0.25,14,"conjunctive",0,5,"1","c5","Bu=0",0.180500770027621,"Bu","Bu=0"
"169",43,1,1,"01",0,1,0,0,0.1,0.5,0.8,0.5,0.02,0.25,15,"conjunctive",0.333333333333333,4,"1","c4","A",0.11589657169167,"A","A=1"
"170",43,1,1,"01",0,1,0,0,0.1,0.5,0.8,0.5,0.02,0.25,15,"conjunctive",0.333333333333333,4,"1","c4","Au=0",0.0795188630978865,"Au","Au=0"
"171",43,1,1,"01",0,1,0,0,0.1,0.5,0.8,0.5,0.02,0.25,15,"conjunctive",0.333333333333333,4,"1","c4","B",0.338931408389224,"B","B=1"
"172",43,1,1,"01",0,1,0,0,0.1,0.5,0.8,0.5,0.02,0.25,15,"conjunctive",0.333333333333333,4,"1","c4","Bu=1",0.0798186436414552,"Bu","Bu=1"
"173",44,1,1,"01",0,1,1,0,0.1,0.5,0.8,0.5,0.02,0.25,16,"conjunctive",0,5,"1","c5","A",0.115112718067647,"A","A=1"
"174",44,1,1,"01",0,1,1,0,0.1,0.5,0.8,0.5,0.02,0.25,16,"conjunctive",0,5,"1","c5","Au=0",0.0796971505965453,"Au","Au=0"
"175",44,1,1,"01",0,1,1,0,0.1,0.5,0.8,0.5,0.02,0.25,16,"conjunctive",0,5,"1","c5","B",0.339512224828551,"B","B=1"
"176",44,1,1,"01",0,1,1,0,0.1,0.5,0.8,0.5,0.02,0.25,16,"conjunctive",0,5,"1","c5","Bu=1",0.0796497213520771,"Bu","Bu=1"
"177",45,1,1,"10",1,0,0,0,0.1,0.5,0.8,0.5,0.02,0.25,17,"conjunctive",0.333333333333333,4,"1","c4","A",0.0945739684726334,"A","A=1"
"178",45,1,1,"10",1,0,0,0,0.1,0.5,0.8,0.5,0.02,0.25,17,"conjunctive",0.333333333333333,4,"1","c4","Au=1",0.0649909255890223,"Au","Au=1"
"179",45,1,1,"10",1,0,0,0,0.1,0.5,0.8,0.5,0.02,0.25,17,"conjunctive",0.333333333333333,4,"1","c4","B",0.0393028217033584,"B","B=1"
"180",45,1,1,"10",1,0,0,0,0.1,0.5,0.8,0.5,0.02,0.25,17,"conjunctive",0.333333333333333,4,"1","c4","Bu=0",0.367981607794046,"Bu","Bu=0"
"181",46,1,1,"10",1,0,1,0,0.1,0.5,0.8,0.5,0.02,0.25,18,"conjunctive",0,5,"1","c5","A",0.0943097648605632,"A","A=1"
"182",46,1,1,"10",1,0,1,0,0.1,0.5,0.8,0.5,0.02,0.25,18,"conjunctive",0,5,"1","c5","Au=1",0.0652340077848027,"Au","Au=1"
"183",46,1,1,"10",1,0,1,0,0.1,0.5,0.8,0.5,0.02,0.25,18,"conjunctive",0,5,"1","c5","B",0.03925370546163,"B","B=1"
"184",46,1,1,"10",1,0,1,0,0.1,0.5,0.8,0.5,0.02,0.25,18,"conjunctive",0,5,"1","c5","Bu=0",0.367971106300903,"Bu","Bu=0"
"185",47,1,1,"11",1,1,0,1,0.1,0.5,0.8,0.5,0.02,0.25,19,"conjunctive",0,4,"1","c4","A",0.301861938147605,"A","A=1"
"186",47,1,1,"11",1,1,0,1,0.1,0.5,0.8,0.5,0.02,0.25,19,"conjunctive",0,4,"1","c4","Au=1",0.208182679672559,"Au","Au=1"
"187",47,1,1,"11",1,1,0,1,0.1,0.5,0.8,0.5,0.02,0.25,19,"conjunctive",0,4,"1","c4","B",0.124904330768754,"B","B=1"
"188",47,1,1,"11",1,1,0,1,0.1,0.5,0.8,0.5,0.02,0.25,19,"conjunctive",0,4,"1","c4","Bu=1",0.208648347556957,"Bu","Bu=1"
"189",48,1,1,"11",1,1,1,1,0.1,0.5,0.8,0.5,0.02,0.25,20,"conjunctive",1,5,"1","c5","A",0.301180270389289,"A","A=1"
"190",48,1,1,"11",1,1,1,1,0.1,0.5,0.8,0.5,0.02,0.25,20,"conjunctive",1,5,"1","c5","Au=1",0.20842745950501,"Au","Au=1"
"191",48,1,1,"11",1,1,1,1,0.1,0.5,0.8,0.5,0.02,0.25,20,"conjunctive",1,5,"1","c5","B",0.124506874137086,"B","B=1"
"192",48,1,1,"11",1,1,1,1,0.1,0.5,0.8,0.5,0.02,0.25,20,"conjunctive",1,5,"1","c5","Bu=1",0.208070158732191,"Bu","Bu=1"
"193",481,0,0,"00",0,0,0,0,0.5,0.9,0.5,0.2,0.045,0.18,1,"disjunctive",0.18,1,"2","d1","A",0.0265923191550447,"A","A=0"
"194",481,0,0,"00",0,0,0,0,0.5,0.9,0.5,0.2,0.045,0.18,1,"disjunctive",0.18,1,"2","d1","Au=0",0.0627974703407897,"Au","Au=0"
"195",481,0,0,"00",0,0,0,0,0.5,0.9,0.5,0.2,0.045,0.18,1,"disjunctive",0.18,1,"2","d1","B",0.216948411727253,"B","B=0"
"196",481,0,0,"00",0,0,0,0,0.5,0.9,0.5,0.2,0.045,0.18,1,"disjunctive",0.18,1,"2","d1","Bu=0",0.161023267836024,"Bu","Bu=0"
"197",482,0,0,"01",0,1,0,0,0.5,0.9,0.5,0.8,0.18,0.72,2,"disjunctive",0.72,1,"2","d1","A",0.0129683888301522,"A","A=0"
"198",482,0,0,"01",0,1,0,0,0.5,0.9,0.5,0.8,0.18,0.72,2,"disjunctive",0.72,1,"2","d1","Au=0",0.0310751534855056,"Au","Au=0"
"199",482,0,0,"01",0,1,0,0,0.5,0.9,0.5,0.8,0.18,0.72,2,"disjunctive",0.72,1,"2","d1","B",0.474254017793192,"B","B=0"
"200",482,0,0,"01",0,1,0,0,0.5,0.9,0.5,0.8,0.18,0.72,2,"disjunctive",0.72,1,"2","d1","Bu=1",0.0501223154030967,"Bu","Bu=1"
"201",483,0,0,"10",1,0,0,0,0.5,0.1,0.5,0.2,0.005,0.02,3,"disjunctive",0.02,1,"2","d1","A",0.010644594268961,"A","A=0"
"202",483,0,0,"10",1,0,0,0,0.5,0.1,0.5,0.2,0.005,0.02,3,"disjunctive",0.02,1,"2","d1","Au=1",0.0252248784363654,"Au","Au=1"
"203",483,0,0,"10",1,0,0,0,0.5,0.1,0.5,0.2,0.005,0.02,3,"disjunctive",0.02,1,"2","d1","B",0.105140001066904,"B","B=0"
"204",483,0,0,"10",1,0,0,0,0.5,0.1,0.5,0.2,0.005,0.02,3,"disjunctive",0.02,1,"2","d1","Bu=0",0.445653433523113,"Bu","Bu=0"
"205",484,0,0,"11",1,1,0,0,0.5,0.1,0.5,0.8,0.02,0.08,4,"disjunctive",0.08,1,"2","d1","A",0.0026347346052562,"A","A=0"
"206",484,0,0,"11",1,1,0,0,0.5,0.1,0.5,0.8,0.02,0.08,4,"disjunctive",0.08,1,"2","d1","Au=1",0.00640976418028549,"Au","Au=1"
"207",484,0,0,"11",1,1,0,0,0.5,0.1,0.5,0.8,0.02,0.08,4,"disjunctive",0.08,1,"2","d1","B",0.417941189285209,"B","B=0"
"208",484,0,0,"11",1,1,0,0,0.5,0.1,0.5,0.8,0.02,0.08,4,"disjunctive",0.08,1,"2","d1","Bu=1",0.250446486355325,"Bu","Bu=1"
"209",485,0,1,"00",0,0,0,0,0.5,0.9,0.5,0.2,0.045,0.18,5,"disjunctive",0.9,2,"2","d2","A",0.360650129328756,"A","A=0"
"210",485,0,1,"00",0,0,0,0,0.5,0.9,0.5,0.2,0.045,0.18,5,"disjunctive",0.9,2,"2","d2","Au=0",0.0922557493474392,"Au","Au=0"
"211",485,0,1,"00",0,0,0,0,0.5,0.9,0.5,0.2,0.045,0.18,5,"disjunctive",0.9,2,"2","d2","B",0.109353315177048,"B","B=1"
"212",485,0,1,"00",0,0,0,0,0.5,0.9,0.5,0.2,0.045,0.18,5,"disjunctive",0.9,2,"2","d2","Bu=0",0.0817116141248996,"Bu","Bu=0"
"213",486,0,1,"00",0,0,1,0,0.5,0.9,0.5,0.2,0.045,0.18,6,"disjunctive",0,3,"2","d3","A",0.360318662275946,"A","A=0"
"214",486,0,1,"00",0,0,1,0,0.5,0.9,0.5,0.2,0.045,0.18,6,"disjunctive",0,3,"2","d3","Au=0",0.0918561149550667,"Au","Au=0"
"215",486,0,1,"00",0,0,1,0,0.5,0.9,0.5,0.2,0.045,0.18,6,"disjunctive",0,3,"2","d3","B",0.109898046994647,"B","B=1"
"216",486,0,1,"00",0,0,1,0,0.5,0.9,0.5,0.2,0.045,0.18,6,"disjunctive",0,3,"2","d3","Bu=0",0.0818180114831683,"Bu","Bu=0"
"217",487,0,1,"01",0,1,0,1,0.5,0.9,0.5,0.8,0.18,0.72,7,"disjunctive",0,2,"2","d2","A",0.264087637493796,"A","A=0"
"218",487,0,1,"01",0,1,0,1,0.5,0.9,0.5,0.8,0.18,0.72,7,"disjunctive",0,2,"2","d2","Au=0",0.0674140476522087,"Au","Au=0"
"219",487,0,1,"01",0,1,0,1,0.5,0.9,0.5,0.8,0.18,0.72,7,"disjunctive",0,2,"2","d2","B",0.352141374276555,"B","B=1"
"220",487,0,1,"01",0,1,0,1,0.5,0.9,0.5,0.8,0.18,0.72,7,"disjunctive",0,2,"2","d2","Bu=1",0.0375158952006937,"Bu","Bu=1"
"221",488,0,1,"01",0,1,1,1,0.5,0.9,0.5,0.8,0.18,0.72,8,"disjunctive",0.9,3,"2","d3","A",0.264500727752715,"A","A=0"
"222",488,0,1,"01",0,1,1,1,0.5,0.9,0.5,0.8,0.18,0.72,8,"disjunctive",0.9,3,"2","d3","Au=0",0.0678236476663933,"Au","Au=0"
"223",488,0,1,"01",0,1,1,1,0.5,0.9,0.5,0.8,0.18,0.72,8,"disjunctive",0.9,3,"2","d3","B",0.351713983888181,"B","B=1"
"224",488,0,1,"01",0,1,1,1,0.5,0.9,0.5,0.8,0.18,0.72,8,"disjunctive",0.9,3,"2","d3","Bu=1",0.0372053551343754,"Bu","Bu=1"
"225",489,0,1,"10",1,0,0,0,0.5,0.1,0.5,0.2,0.005,0.02,9,"disjunctive",0.1,2,"2","d2","A",0.228728923714375,"A","A=0"
"226",489,0,1,"10",1,0,0,0,0.5,0.1,0.5,0.2,0.005,0.02,9,"disjunctive",0.1,2,"2","d2","Au=1",0.0581930393854928,"Au","Au=1"
"227",489,0,1,"10",1,0,0,0,0.5,0.1,0.5,0.2,0.005,0.02,9,"disjunctive",0.1,2,"2","d2","B",0.0838913879624743,"B","B=1"
"228",489,0,1,"10",1,0,0,0,0.5,0.1,0.5,0.2,0.005,0.02,9,"disjunctive",0.1,2,"2","d2","Bu=0",0.355813160685202,"Bu","Bu=0"
"229",490,0,1,"10",1,0,1,0,0.5,0.1,0.5,0.2,0.005,0.02,10,"disjunctive",0,3,"2","d3","A",0.228292974726245,"A","A=0"
"230",490,0,1,"10",1,0,1,0,0.5,0.1,0.5,0.2,0.005,0.02,10,"disjunctive",0,3,"2","d3","Au=1",0.0587319412285883,"Au","Au=1"
"231",490,0,1,"10",1,0,1,0,0.5,0.1,0.5,0.2,0.005,0.02,10,"disjunctive",0,3,"2","d3","B",0.0841477601694272,"B","B=1"
"232",490,0,1,"10",1,0,1,0,0.5,0.1,0.5,0.2,0.005,0.02,10,"disjunctive",0,3,"2","d3","Bu=0",0.35582579551857,"Bu","Bu=0"
"233",491,0,1,"11",1,1,0,1,0.5,0.1,0.5,0.8,0.02,0.08,11,"disjunctive",0,2,"2","d2","A",0.0686023734004361,"A","A=0"
"234",491,0,1,"11",1,1,0,1,0.5,0.1,0.5,0.8,0.02,0.08,11,"disjunctive",0,2,"2","d2","Au=1",0.0174319550262376,"Au","Au=1"
"235",491,0,1,"11",1,1,0,1,0.5,0.1,0.5,0.8,0.02,0.08,11,"disjunctive",0,2,"2","d2","B",0.389834059474728,"B","B=1"
"236",491,0,1,"11",1,1,0,1,0.5,0.1,0.5,0.8,0.02,0.08,11,"disjunctive",0,2,"2","d2","Bu=1",0.234132076698842,"Bu","Bu=1"
"237",492,0,1,"11",1,1,1,1,0.5,0.1,0.5,0.8,0.02,0.08,12,"disjunctive",0.1,3,"2","d3","A",0.0681825921788296,"A","A=0"
"238",492,0,1,"11",1,1,1,1,0.5,0.1,0.5,0.8,0.02,0.08,12,"disjunctive",0.1,3,"2","d3","Au=1",0.0172447492164957,"Au","Au=1"
"239",492,0,1,"11",1,1,1,1,0.5,0.1,0.5,0.8,0.02,0.08,12,"disjunctive",0.1,3,"2","d3","B",0.389398080061727,"B","B=1"
"240",492,0,1,"11",1,1,1,1,0.5,0.1,0.5,0.8,0.02,0.08,12,"disjunctive",0.1,3,"2","d3","Bu=1",0.234065212784123,"Bu","Bu=1"
"241",493,1,0,"00",0,0,0,0,0.5,0.9,0.5,0.2,0.045,0.18,13,"disjunctive",0.2,4,"2","d4","A",0.0216821952589345,"A","A=1"
"242",493,1,0,"00",0,0,0,0,0.5,0.9,0.5,0.2,0.045,0.18,13,"disjunctive",0.2,4,"2","d4","Au=0",0.293220920827306,"Au","Au=0"
"243",493,1,0,"00",0,0,0,0,0.5,0.9,0.5,0.2,0.045,0.18,13,"disjunctive",0.2,4,"2","d4","B",0.175054685242228,"B","B=0"
"244",493,1,0,"00",0,0,0,0,0.5,0.9,0.5,0.2,0.045,0.18,13,"disjunctive",0.2,4,"2","d4","Bu=0",0.131225123100193,"Bu","Bu=0"
"245",494,1,0,"00",0,0,1,0,0.5,0.9,0.5,0.2,0.045,0.18,14,"disjunctive",0,5,"2","d5","A",0.0217948708552441,"A","A=1"
"246",494,1,0,"00",0,0,1,0,0.5,0.9,0.5,0.2,0.045,0.18,14,"disjunctive",0,5,"2","d5","Au=0",0.293150821983613,"Au","Au=0"
"247",494,1,0,"00",0,0,1,0,0.5,0.9,0.5,0.2,0.045,0.18,14,"disjunctive",0,5,"2","d5","B",0.174536042009392,"B","B=0"
"248",494,1,0,"00",0,0,1,0,0.5,0.9,0.5,0.2,0.045,0.18,14,"disjunctive",0,5,"2","d5","Bu=0",0.130582771339616,"Bu","Bu=0"
"249",495,1,0,"01",0,1,0,0,0.5,0.9,0.5,0.8,0.18,0.72,15,"disjunctive",0.8,4,"2","d4","A",0.0123402925435533,"A","A=1"
"250",495,1,0,"01",0,1,0,0,0.5,0.9,0.5,0.8,0.18,0.72,15,"disjunctive",0.8,4,"2","d4","Au=0",0.167750169135615,"Au","Au=0"
"251",495,1,0,"01",0,1,0,0,0.5,0.9,0.5,0.8,0.18,0.72,15,"disjunctive",0.8,4,"2","d4","B",0.442788938004057,"B","B=0"
"252",495,1,0,"01",0,1,0,0,0.5,0.9,0.5,0.8,0.18,0.72,15,"disjunctive",0.8,4,"2","d4","Bu=1",0.0469825561972724,"Bu","Bu=1"
"253",496,1,0,"01",0,1,1,0,0.5,0.9,0.5,0.8,0.18,0.72,16,"disjunctive",0,5,"2","d5","A",0.0126113003872904,"A","A=1"
"254",496,1,0,"01",0,1,1,0,0.5,0.9,0.5,0.8,0.18,0.72,16,"disjunctive",0,5,"2","d5","Au=0",0.169250515290413,"Au","Au=0"
"255",496,1,0,"01",0,1,1,0,0.5,0.9,0.5,0.8,0.18,0.72,16,"disjunctive",0,5,"2","d5","B",0.442845017266926,"B","B=0"
"256",496,1,0,"01",0,1,1,0,0.5,0.9,0.5,0.8,0.18,0.72,16,"disjunctive",0,5,"2","d5","Bu=1",0.04682120734148,"Bu","Bu=1"
"257",497,1,0,"10",1,0,0,1,0.5,0.1,0.5,0.2,0.005,0.02,17,"disjunctive",0,4,"2","d4","A",0.0101314905701631,"A","A=1"
"258",497,1,0,"10",1,0,0,1,0.5,0.1,0.5,0.2,0.005,0.02,17,"disjunctive",0,4,"2","d4","Au=1",0.137414764191188,"Au","Au=1"
"259",497,1,0,"10",1,0,0,1,0.5,0.1,0.5,0.2,0.005,0.02,17,"disjunctive",0,4,"2","d4","B",0.100187510127423,"B","B=0"
"260",497,1,0,"10",1,0,0,1,0.5,0.1,0.5,0.2,0.005,0.02,17,"disjunctive",0,4,"2","d4","Bu=0",0.424089560721729,"Bu","Bu=0"
"261",498,1,0,"10",1,0,1,1,0.5,0.1,0.5,0.2,0.005,0.02,18,"disjunctive",0.2,5,"2","d5","A",0.0103435295076063,"A","A=1"
"262",498,1,0,"10",1,0,1,1,0.5,0.1,0.5,0.2,0.005,0.02,18,"disjunctive",0.2,5,"2","d5","Au=1",0.138170259095316,"Au","Au=1"
"263",498,1,0,"10",1,0,1,1,0.5,0.1,0.5,0.2,0.005,0.02,18,"disjunctive",0.2,5,"2","d5","B",0.100373569412734,"B","B=0"
"264",498,1,0,"10",1,0,1,1,0.5,0.1,0.5,0.2,0.005,0.02,18,"disjunctive",0.2,5,"2","d5","Bu=0",0.423677759940515,"Bu","Bu=0"
"265",499,1,0,"11",1,1,0,1,0.5,0.1,0.5,0.8,0.02,0.08,19,"disjunctive",0,4,"2","d4","A",0.0027368284069438,"A","A=1"
"266",499,1,0,"11",1,1,0,1,0.5,0.1,0.5,0.8,0.02,0.08,19,"disjunctive",0,4,"2","d4","Au=1",0.0368035041537524,"Au","Au=1"
"267",499,1,0,"11",1,1,0,1,0.5,0.1,0.5,0.8,0.02,0.08,19,"disjunctive",0,4,"2","d4","B",0.412208662332365,"B","B=0"
"268",499,1,0,"11",1,1,0,1,0.5,0.1,0.5,0.8,0.02,0.08,19,"disjunctive",0,4,"2","d4","Bu=1",0.247687626107217,"Bu","Bu=1"
"269",500,1,0,"11",1,1,1,1,0.5,0.1,0.5,0.8,0.02,0.08,20,"disjunctive",0.8,5,"2","d5","A",0.00271484598625568,"A","A=1"
"270",500,1,0,"11",1,1,1,1,0.5,0.1,0.5,0.8,0.02,0.08,20,"disjunctive",0.8,5,"2","d5","Au=1",0.0367001504526011,"Au","Au=1"
"271",500,1,0,"11",1,1,1,1,0.5,0.1,0.5,0.8,0.02,0.08,20,"disjunctive",0.8,5,"2","d5","B",0.41225371629471,"B","B=0"
"272",500,1,0,"11",1,1,1,1,0.5,0.1,0.5,0.8,0.02,0.08,20,"disjunctive",0.8,5,"2","d5","Bu=1",0.24749554794486,"Bu","Bu=1"
"273",501,1,1,"00",0,0,0,0,0.5,0.9,0.5,0.2,0.045,0.18,21,"disjunctive",1,6,"2","d6","A",0.261250124176795,"A","A=1"
"274",501,1,1,"00",0,0,0,0,0.5,0.9,0.5,0.2,0.045,0.18,21,"disjunctive",1,6,"2","d6","Au=0",0.377313484215438,"Au","Au=0"
"275",501,1,1,"00",0,0,0,0,0.5,0.9,0.5,0.2,0.045,0.18,21,"disjunctive",1,6,"2","d6","B",0.0337754529974677,"B","B=1"
"276",501,1,1,"00",0,0,0,0,0.5,0.9,0.5,0.2,0.045,0.18,21,"disjunctive",1,6,"2","d6","Bu=0",0.0248170712505581,"Bu","Bu=0"
"277",502,1,1,"00",0,0,1,0,0.5,0.9,0.5,0.2,0.045,0.18,22,"disjunctive",0,7,"2","d7","A",0.261399969159057,"A","A=1"
"278",502,1,1,"00",0,0,1,0,0.5,0.9,0.5,0.2,0.045,0.18,22,"disjunctive",0,7,"2","d7","Au=0",0.377183580067291,"Au","Au=0"
"279",502,1,1,"00",0,0,1,0,0.5,0.9,0.5,0.2,0.045,0.18,22,"disjunctive",0,7,"2","d7","B",0.0333881162914635,"B","B=1"
"280",502,1,1,"00",0,0,1,0,0.5,0.9,0.5,0.2,0.045,0.18,22,"disjunctive",0,7,"2","d7","Bu=0",0.025395027570816,"Bu","Bu=0"
"281",503,1,1,"01",0,1,0,1,0.5,0.9,0.5,0.8,0.18,0.72,23,"disjunctive",0,6,"2","d6","A",0.238761815384544,"A","A=1"
"282",503,1,1,"01",0,1,0,1,0.5,0.9,0.5,0.8,0.18,0.72,23,"disjunctive",0,6,"2","d6","Au=0",0.346125581852765,"Au","Au=0"
"283",503,1,1,"01",0,1,0,1,0.5,0.9,0.5,0.8,0.18,0.72,23,"disjunctive",0,6,"2","d6","B",0.136099440232442,"B","B=1"
"284",503,1,1,"01",0,1,0,1,0.5,0.9,0.5,0.8,0.18,0.72,23,"disjunctive",0,6,"2","d6","Bu=1",0.0144468636230074,"Bu","Bu=1"
"285",504,1,1,"01",0,1,1,1,0.5,0.9,0.5,0.8,0.18,0.72,24,"disjunctive",0.878048780487805,7,"2","d7","A",0.238287646673603,"A","A=1"
"286",504,1,1,"01",0,1,1,1,0.5,0.9,0.5,0.8,0.18,0.72,24,"disjunctive",0.878048780487805,7,"2","d7","Au=0",0.345848229696511,"Au","Au=0"
"287",504,1,1,"01",0,1,1,1,0.5,0.9,0.5,0.8,0.18,0.72,24,"disjunctive",0.878048780487805,7,"2","d7","B",0.135744778638907,"B","B=1"
"288",504,1,1,"01",0,1,1,1,0.5,0.9,0.5,0.8,0.18,0.72,24,"disjunctive",0.878048780487805,7,"2","d7","Bu=1",0.0144560375542881,"Bu","Bu=1"
"289",505,1,1,"10",1,0,0,1,0.5,0.1,0.5,0.2,0.005,0.02,25,"disjunctive",0,6,"2","d6","A",0.226712981110604,"A","A=1"
"290",505,1,1,"10",1,0,0,1,0.5,0.1,0.5,0.2,0.005,0.02,25,"disjunctive",0,6,"2","d6","Au=1",0.326702660642988,"Au","Au=1"
"291",505,1,1,"10",1,0,0,1,0.5,0.1,0.5,0.2,0.005,0.02,25,"disjunctive",0,6,"2","d6","B",0.0356461517014556,"B","B=1"
"292",505,1,1,"10",1,0,0,1,0.5,0.1,0.5,0.2,0.005,0.02,25,"disjunctive",0,6,"2","d6","Bu=0",0.150022175409062,"Bu","Bu=0"
"293",506,1,1,"10",1,0,1,1,0.5,0.1,0.5,0.2,0.005,0.02,26,"disjunctive",0.024390243902439,7,"2","d7","A",0.226026830668115,"A","A=1"
"294",506,1,1,"10",1,0,1,1,0.5,0.1,0.5,0.2,0.005,0.02,26,"disjunctive",0.024390243902439,7,"2","d7","Au=1",0.32742843453083,"Au","Au=1"
"295",506,1,1,"10",1,0,1,1,0.5,0.1,0.5,0.2,0.005,0.02,26,"disjunctive",0.024390243902439,7,"2","d7","B",0.0349711477823049,"B","B=1"
"296",506,1,1,"10",1,0,1,1,0.5,0.1,0.5,0.2,0.005,0.02,26,"disjunctive",0.024390243902439,7,"2","d7","Bu=0",0.149073614312497,"Bu","Bu=0"
"297",507,1,1,"11",1,1,0,1,0.5,0.1,0.5,0.8,0.02,0.08,27,"disjunctive",0,6,"2","d6","A",0.0985403090658866,"A","A=1"
"298",507,1,1,"11",1,1,0,1,0.5,0.1,0.5,0.8,0.02,0.08,27,"disjunctive",0,6,"2","d6","Au=1",0.142633690133067,"Au","Au=1"
"299",507,1,1,"11",1,1,0,1,0.5,0.1,0.5,0.8,0.02,0.08,27,"disjunctive",0,6,"2","d6","B",0.240003114658654,"B","B=1"
"300",507,1,1,"11",1,1,0,1,0.5,0.1,0.5,0.8,0.02,0.08,27,"disjunctive",0,6,"2","d6","Bu=1",0.143975880230956,"Bu","Bu=1"
"301",508,1,1,"11",1,1,1,1,0.5,0.1,0.5,0.8,0.02,0.08,28,"disjunctive",0.0975609756097561,7,"2","d7","A",0.0985944259954962,"A","A=1"
"302",508,1,1,"11",1,1,1,1,0.5,0.1,0.5,0.8,0.02,0.08,28,"disjunctive",0.0975609756097561,7,"2","d7","Au=1",0.142517243478573,"Au","Au=1"
"303",508,1,1,"11",1,1,1,1,0.5,0.1,0.5,0.8,0.02,0.08,28,"disjunctive",0.0975609756097561,7,"2","d7","B",0.24094572542711,"B","B=1"
"304",508,1,1,"11",1,1,1,1,0.5,0.1,0.5,0.8,0.02,0.08,28,"disjunctive",0.0975609756097561,7,"2","d7","Bu=1",0.144077572547578,"Bu","Bu=1"
"305",509,0,0,"00",0,0,0,0,0.5,0.9,0.5,0.2,0.045,0.18,1,"conjunctive",0.18,1,"2","c1","A",0.0170769663514869,"A","A=0"
"306",509,0,0,"00",0,0,0,0,0.5,0.9,0.5,0.2,0.045,0.18,1,"conjunctive",0.18,1,"2","c1","Au=0",0.0387592222117808,"Au","Au=0"
"307",509,0,0,"00",0,0,0,0,0.5,0.9,0.5,0.2,0.045,0.18,1,"conjunctive",0.18,1,"2","c1","B",0.0157913115384174,"B","B=0"
"308",509,0,0,"00",0,0,0,0,0.5,0.9,0.5,0.2,0.045,0.18,1,"conjunctive",0.18,1,"2","c1","Bu=0",0.0123459078127282,"Bu","Bu=0"
"309",510,0,0,"01",0,1,0,0,0.5,0.9,0.5,0.8,0.18,0.72,2,"conjunctive",0.72,1,"2","c1","A",0.0297860111803243,"A","A=0"
"310",510,0,0,"01",0,1,0,0,0.5,0.9,0.5,0.8,0.18,0.72,2,"conjunctive",0.72,1,"2","c1","Au=0",0.0707814665176008,"Au","Au=0"
"311",510,0,0,"01",0,1,0,0,0.5,0.9,0.5,0.8,0.18,0.72,2,"conjunctive",0.72,1,"2","c1","B",0.0302389365357801,"B","B=0"
"312",510,0,0,"01",0,1,0,0,0.5,0.9,0.5,0.8,0.18,0.72,2,"conjunctive",0.72,1,"2","c1","Bu=1",0.00329251893763142,"Bu","Bu=1"
"313",511,0,0,"10",1,0,0,0,0.5,0.1,0.5,0.2,0.005,0.02,3,"conjunctive",0.02,1,"2","c1","A",0.0367548528824735,"A","A=0"
"314",511,0,0,"10",1,0,0,0,0.5,0.1,0.5,0.2,0.005,0.02,3,"conjunctive",0.02,1,"2","c1","Au=1",0.0885891644892277,"Au","Au=1"
"315",511,0,0,"10",1,0,0,0,0.5,0.1,0.5,0.2,0.005,0.02,3,"conjunctive",0.02,1,"2","c1","B",0.00583979663500971,"B","B=0"
"316",511,0,0,"10",1,0,0,0,0.5,0.1,0.5,0.2,0.005,0.02,3,"conjunctive",0.02,1,"2","c1","Bu=0",0.0279362010544172,"Bu","Bu=0"
"317",512,0,0,"11",1,1,0,0,0.5,0.1,0.5,0.8,0.02,0.08,4,"conjunctive",0.08,1,"2","c1","A",0.0715564243277547,"A","A=0"
"318",512,0,0,"11",1,1,0,0,0.5,0.1,0.5,0.8,0.02,0.08,4,"conjunctive",0.08,1,"2","c1","Au=1",0.171298455050561,"Au","Au=1"
"319",512,0,0,"11",1,1,0,0,0.5,0.1,0.5,0.8,0.02,0.08,4,"conjunctive",0.08,1,"2","c1","B",0.0129317050154689,"B","B=0"
"320",512,0,0,"11",1,1,0,0,0.5,0.1,0.5,0.8,0.02,0.08,4,"conjunctive",0.08,1,"2","c1","Bu=1",0.00742336006684279,"Bu","Bu=1"
"321",513,0,1,"00",0,0,0,0,0.5,0.9,0.5,0.2,0.045,0.18,5,"conjunctive",0.18,2,"2","c2","A",0.0747907592440488,"A","A=0"
"322",513,0,1,"00",0,0,0,0,0.5,0.9,0.5,0.2,0.045,0.18,5,"conjunctive",0.18,2,"2","c2","Au=0",0.0187530417454377,"Au","Au=0"
"323",513,0,1,"00",0,0,0,0,0.5,0.9,0.5,0.2,0.045,0.18,5,"conjunctive",0.18,2,"2","c2","B",0.0743256557764283,"B","B=1"
"324",513,0,1,"00",0,0,0,0,0.5,0.9,0.5,0.2,0.045,0.18,5,"conjunctive",0.18,2,"2","c2","Bu=0",0.0555017395892909,"Bu","Bu=0"
"325",514,0,1,"01",0,1,0,0,0.5,0.9,0.5,0.8,0.18,0.72,6,"conjunctive",0.72,2,"2","c2","A",0.147655631002989,"A","A=0"
"326",514,0,1,"01",0,1,0,0,0.5,0.9,0.5,0.8,0.18,0.72,6,"conjunctive",0.72,2,"2","c2","Au=0",0.0385907861774108,"Au","Au=0"
"327",514,0,1,"01",0,1,0,0,0.5,0.9,0.5,0.8,0.18,0.72,6,"conjunctive",0.72,2,"2","c2","B",0.148359200665762,"B","B=1"
"328",514,0,1,"01",0,1,0,0,0.5,0.9,0.5,0.8,0.18,0.72,6,"conjunctive",0.72,2,"2","c2","Bu=1",0.0158572638360933,"Bu","Bu=1"
"329",515,0,1,"10",1,0,0,0,0.5,0.1,0.5,0.2,0.005,0.02,7,"conjunctive",0.02,2,"2","c2","A",0.179780398667516,"A","A=0"
"330",515,0,1,"10",1,0,0,0,0.5,0.1,0.5,0.2,0.005,0.02,7,"conjunctive",0.02,2,"2","c2","Au=1",0.0457167882351016,"Au","Au=1"
"331",515,0,1,"10",1,0,0,0,0.5,0.1,0.5,0.2,0.005,0.02,7,"conjunctive",0.02,2,"2","c2","B",0.0313984983896297,"B","B=1"
"332",515,0,1,"10",1,0,0,0,0.5,0.1,0.5,0.2,0.005,0.02,7,"conjunctive",0.02,2,"2","c2","Bu=0",0.133977310625968,"Bu","Bu=0"
"333",516,0,1,"11",1,1,0,0,0.5,0.1,0.5,0.8,0.02,0.08,8,"conjunctive",0.08,2,"2","c2","A",0.367558544527744,"A","A=0"
"334",516,0,1,"11",1,1,0,0,0.5,0.1,0.5,0.8,0.02,0.08,8,"conjunctive",0.08,2,"2","c2","Au=1",0.0943979123392326,"Au","Au=1"
"335",516,0,1,"11",1,1,0,0,0.5,0.1,0.5,0.8,0.02,0.08,8,"conjunctive",0.08,2,"2","c2","B",0.0646591172721041,"B","B=1"
"336",516,0,1,"11",1,1,0,0,0.5,0.1,0.5,0.8,0.02,0.08,8,"conjunctive",0.08,2,"2","c2","Bu=1",0.0390513060854709,"Bu","Bu=1"
"337",517,1,0,"00",0,0,0,0,0.5,0.9,0.5,0.2,0.045,0.18,9,"conjunctive",0.18,3,"2","c3","A",0.00627777295732658,"A","A=1"
"338",517,1,0,"00",0,0,0,0,0.5,0.9,0.5,0.2,0.045,0.18,9,"conjunctive",0.18,3,"2","c3","Au=0",0.0846565319045931,"Au","Au=0"
"339",517,1,0,"00",0,0,0,0,0.5,0.9,0.5,0.2,0.045,0.18,9,"conjunctive",0.18,3,"2","c3","B",0.0357204243951182,"B","B=0"
"340",517,1,0,"00",0,0,0,0,0.5,0.9,0.5,0.2,0.045,0.18,9,"conjunctive",0.18,3,"2","c3","Bu=0",0.026445841098847,"Bu","Bu=0"
"341",518,1,0,"01",0,1,0,0,0.5,0.9,0.5,0.8,0.18,0.72,10,"conjunctive",0.72,3,"2","c3","A",0.0128152234172385,"A","A=1"
"342",518,1,0,"01",0,1,0,0,0.5,0.9,0.5,0.8,0.18,0.72,10,"conjunctive",0.72,3,"2","c3","Au=0",0.170497836288169,"Au","Au=0"
"343",518,1,0,"01",0,1,0,0,0.5,0.9,0.5,0.8,0.18,0.72,10,"conjunctive",0.72,3,"2","c3","B",0.0716191785953324,"B","B=0"
"344",518,1,0,"01",0,1,0,0,0.5,0.9,0.5,0.8,0.18,0.72,10,"conjunctive",0.72,3,"2","c3","Bu=1",0.00770968910705113,"Bu","Bu=1"
"345",519,1,0,"10",1,0,0,0,0.5,0.1,0.5,0.2,0.005,0.02,11,"conjunctive",0.02,3,"2","c3","A",0.0147353504537285,"A","A=1"
"346",519,1,0,"10",1,0,0,0,0.5,0.1,0.5,0.2,0.005,0.02,11,"conjunctive",0.02,3,"2","c3","Au=1",0.205338978770447,"Au","Au=1"
"347",519,1,0,"10",1,0,0,0,0.5,0.1,0.5,0.2,0.005,0.02,11,"conjunctive",0.02,3,"2","c3","B",0.0155570588419011,"B","B=0"
"348",519,1,0,"10",1,0,0,0,0.5,0.1,0.5,0.2,0.005,0.02,11,"conjunctive",0.02,3,"2","c3","Bu=0",0.064464502956221,"Bu","Bu=0"
"349",520,1,0,"11",1,1,0,0,0.5,0.1,0.5,0.8,0.02,0.08,12,"conjunctive",0.08,3,"2","c3","A",0.0303478054484673,"A","A=1"
"350",520,1,0,"11",1,1,0,0,0.5,0.1,0.5,0.8,0.02,0.08,12,"conjunctive",0.08,3,"2","c3","Au=1",0.409379957182244,"Au","Au=1"
"351",520,1,0,"11",1,1,0,0,0.5,0.1,0.5,0.8,0.02,0.08,12,"conjunctive",0.08,3,"2","c3","B",0.0303393068695062,"B","B=0"
"352",520,1,0,"11",1,1,0,0,0.5,0.1,0.5,0.8,0.02,0.08,12,"conjunctive",0.08,3,"2","c3","Bu=1",0.0182565668838654,"Bu","Bu=1"
"353",521,1,1,"00",0,0,0,0,0.5,0.9,0.5,0.2,0.045,0.18,13,"conjunctive",0.195652173913043,4,"2","c4","A",0.0315051668608584,"A","A=1"
"354",521,1,1,"00",0,0,0,0,0.5,0.9,0.5,0.2,0.045,0.18,13,"conjunctive",0.195652173913043,4,"2","c4","Au=0",0.0458369752129308,"Au","Au=0"
"355",521,1,1,"00",0,0,0,0,0.5,0.9,0.5,0.2,0.045,0.18,13,"conjunctive",0.195652173913043,4,"2","c4","B",0.180721676967609,"B","B=1"
"356",521,1,1,"00",0,0,0,0,0.5,0.9,0.5,0.2,0.045,0.18,13,"conjunctive",0.195652173913043,4,"2","c4","Bu=0",0.135233098517367,"Bu","Bu=0"
"357",522,1,1,"00",0,0,1,0,0.5,0.9,0.5,0.2,0.045,0.18,14,"conjunctive",0,5,"2","c5","A",0.03182098077527,"A","A=1"
"358",522,1,1,"00",0,0,1,0,0.5,0.9,0.5,0.2,0.045,0.18,14,"conjunctive",0,5,"2","c5","Au=0",0.0458889636370671,"Au","Au=0"
"359",522,1,1,"00",0,0,1,0,0.5,0.9,0.5,0.2,0.045,0.18,14,"conjunctive",0,5,"2","c5","B",0.179425487501914,"B","B=1"
"360",522,1,1,"00",0,0,1,0,0.5,0.9,0.5,0.2,0.045,0.18,14,"conjunctive",0,5,"2","c5","Bu=0",0.133707974814914,"Bu","Bu=0"
"361",523,1,1,"01",0,1,0,0,0.5,0.9,0.5,0.8,0.18,0.72,15,"conjunctive",0.782608695652174,4,"2","c4","A",0.0653984607067247,"A","A=1"
"362",523,1,1,"01",0,1,0,0,0.5,0.9,0.5,0.8,0.18,0.72,15,"conjunctive",0.782608695652174,4,"2","c4","Au=0",0.0938322084705153,"Au","Au=0"
"363",523,1,1,"01",0,1,0,0,0.5,0.9,0.5,0.8,0.18,0.72,15,"conjunctive",0.782608695652174,4,"2","c4","B",0.36789784904833,"B","B=1"
"364",523,1,1,"01",0,1,0,0,0.5,0.9,0.5,0.8,0.18,0.72,15,"conjunctive",0.782608695652174,4,"2","c4","Bu=1",0.0390989131932606,"Bu","Bu=1"
"365",524,1,1,"01",0,1,1,0,0.5,0.9,0.5,0.8,0.18,0.72,16,"conjunctive",0,5,"2","c5","A",0.0649481592646213,"A","A=1"
"366",524,1,1,"01",0,1,1,0,0.5,0.9,0.5,0.8,0.18,0.72,16,"conjunctive",0,5,"2","c5","Au=0",0.0947308200669152,"Au","Au=0"
"367",524,1,1,"01",0,1,1,0,0.5,0.9,0.5,0.8,0.18,0.72,16,"conjunctive",0,5,"2","c5","B",0.368567479719585,"B","B=1"
"368",524,1,1,"01",0,1,1,0,0.5,0.9,0.5,0.8,0.18,0.72,16,"conjunctive",0,5,"2","c5","Bu=1",0.0390221757753395,"Bu","Bu=1"
"369",525,1,1,"10",1,0,0,0,0.5,0.1,0.5,0.2,0.005,0.02,17,"conjunctive",0.0217391304347826,4,"2","c4","A",0.0796791123243916,"A","A=1"
"370",525,1,1,"10",1,0,0,0,0.5,0.1,0.5,0.2,0.005,0.02,17,"conjunctive",0.0217391304347826,4,"2","c4","Au=1",0.115529471025212,"Au","Au=1"
"371",525,1,1,"10",1,0,0,0,0.5,0.1,0.5,0.2,0.005,0.02,17,"conjunctive",0.0217391304347826,4,"2","c4","B",0.0797770018803361,"B","B=1"
"372",525,1,1,"10",1,0,0,0,0.5,0.1,0.5,0.2,0.005,0.02,17,"conjunctive",0.0217391304347826,4,"2","c4","Bu=0",0.33919391812907,"Bu","Bu=0"
"373",526,1,1,"10",1,0,1,0,0.5,0.1,0.5,0.2,0.005,0.02,18,"conjunctive",0,5,"2","c5","A",0.0802364583769853,"A","A=1"
"374",526,1,1,"10",1,0,1,0,0.5,0.1,0.5,0.2,0.005,0.02,18,"conjunctive",0,5,"2","c5","Au=1",0.11646446947613,"Au","Au=1"
"375",526,1,1,"10",1,0,1,0,0.5,0.1,0.5,0.2,0.005,0.02,18,"conjunctive",0,5,"2","c5","B",0.0798942823401411,"B","B=1"
"376",526,1,1,"10",1,0,1,0,0.5,0.1,0.5,0.2,0.005,0.02,18,"conjunctive",0,5,"2","c5","Bu=0",0.338770956867918,"Bu","Bu=0"
"377",527,1,1,"11",1,1,0,1,0.5,0.1,0.5,0.8,0.02,0.08,19,"conjunctive",0,4,"2","c4","A",0.208704225693097,"A","A=1"
"378",527,1,1,"11",1,1,0,1,0.5,0.1,0.5,0.8,0.02,0.08,19,"conjunctive",0,4,"2","c4","Au=1",0.300942307323129,"Au","Au=1"
"379",527,1,1,"11",1,1,0,1,0.5,0.1,0.5,0.8,0.02,0.08,19,"conjunctive",0,4,"2","c4","B",0.208593929733015,"B","B=1"
"380",527,1,1,"11",1,1,0,1,0.5,0.1,0.5,0.8,0.02,0.08,19,"conjunctive",0,4,"2","c4","Bu=1",0.125959537199565,"Bu","Bu=1"
"381",528,1,1,"11",1,1,1,1,0.5,0.1,0.5,0.8,0.02,0.08,20,"conjunctive",1,5,"2","c5","A",0.208491866750956,"A","A=1"
"382",528,1,1,"11",1,1,1,1,0.5,0.1,0.5,0.8,0.02,0.08,20,"conjunctive",1,5,"2","c5","Au=1",0.301975207787529,"Au","Au=1"
"383",528,1,1,"11",1,1,1,1,0.5,0.1,0.5,0.8,0.02,0.08,20,"conjunctive",1,5,"2","c5","B",0.207965663865479,"B","B=1"
"384",528,1,1,"11",1,1,1,1,0.5,0.1,0.5,0.8,0.02,0.08,20,"conjunctive",1,5,"2","c5","Bu=1",0.125373341398757,"Bu","Bu=1"
"385",961,0,0,"00",0,0,0,0,0.9,0.3,0.2,0.5,0.027,0.15,1,"disjunctive",0.15,1,"3","d1","A",0.0855135317079968,"A","A=0"
"386",961,0,0,"00",0,0,0,0,0.9,0.3,0.2,0.5,0.027,0.15,1,"disjunctive",0.15,1,"3","d1","Au=0",0.0291258391379643,"Au","Au=0"
"387",961,0,0,"00",0,0,0,0,0.9,0.3,0.2,0.5,0.027,0.15,1,"disjunctive",0.15,1,"3","d1","B",0.158922725757838,"B","B=0"
"388",961,0,0,"00",0,0,0,0,0.9,0.3,0.2,0.5,0.027,0.15,1,"disjunctive",0.15,1,"3","d1","Bu=0",0.211947524119125,"Bu","Bu=0"
"389",962,0,0,"01",0,1,0,0,0.9,0.3,0.2,0.5,0.027,0.15,2,"disjunctive",0.15,1,"3","d1","A",0.0350577851320922,"A","A=0"
"390",962,0,0,"01",0,1,0,0,0.9,0.3,0.2,0.5,0.027,0.15,2,"disjunctive",0.15,1,"3","d1","Au=0",0.0119090511379106,"Au","Au=0"
"391",962,0,0,"01",0,1,0,0,0.9,0.3,0.2,0.5,0.027,0.15,2,"disjunctive",0.15,1,"3","d1","B",0.443496581130256,"B","B=0"
"392",962,0,0,"01",0,1,0,0,0.9,0.3,0.2,0.5,0.027,0.15,2,"disjunctive",0.15,1,"3","d1","Bu=1",0.104495572057758,"Bu","Bu=1"
"393",963,0,0,"10",1,0,0,0,0.9,0.7,0.2,0.5,0.063,0.35,3,"disjunctive",0.35,1,"3","d1","A",0.0437899993909905,"A","A=0"
"394",963,0,0,"10",1,0,0,0,0.9,0.7,0.2,0.5,0.063,0.35,3,"disjunctive",0.35,1,"3","d1","Au=1",0.0149570704097552,"Au","Au=1"
"395",963,0,0,"10",1,0,0,0,0.9,0.7,0.2,0.5,0.063,0.35,3,"disjunctive",0.35,1,"3","d1","B",0.0500136824852047,"B","B=0"
"396",963,0,0,"10",1,0,0,0,0.9,0.7,0.2,0.5,0.063,0.35,3,"disjunctive",0.35,1,"3","d1","Bu=0",0.47145963440331,"Bu","Bu=0"
"397",964,0,0,"11",1,1,0,0,0.9,0.7,0.2,0.5,0.063,0.35,4,"disjunctive",0.35,1,"3","d1","A",0.0089069728819581,"A","A=0"
"398",964,0,0,"11",1,1,0,0,0.9,0.7,0.2,0.5,0.063,0.35,4,"disjunctive",0.35,1,"3","d1","Au=1",0.00306085320223238,"Au","Au=1"
"399",964,0,0,"11",1,1,0,0,0.9,0.7,0.2,0.5,0.063,0.35,4,"disjunctive",0.35,1,"3","d1","B",0.251195686850353,"B","B=0"
"400",964,0,0,"11",1,1,0,0,0.9,0.7,0.2,0.5,0.063,0.35,4,"disjunctive",0.35,1,"3","d1","Bu=1",0.417029058555214,"Bu","Bu=1"
"401",965,0,1,"00",0,0,0,0,0.9,0.3,0.8,0.5,0.108,0.15,5,"disjunctive",0.3,2,"3","d2","A",0.309518703755039,"A","A=0"
"402",965,0,1,"00",0,0,0,0,0.9,0.3,0.8,0.5,0.108,0.15,5,"disjunctive",0.3,2,"3","d2","Au=0",0.0170443206549083,"Au","Au=0"
"403",965,0,1,"00",0,0,0,0,0.9,0.3,0.8,0.5,0.108,0.15,5,"disjunctive",0.3,2,"3","d2","B",0.128871857210679,"B","B=1"
"404",965,0,1,"00",0,0,0,0,0.9,0.3,0.8,0.5,0.108,0.15,5,"disjunctive",0.3,2,"3","d2","Bu=0",0.172294835233141,"Bu","Bu=0"
"405",966,0,1,"00",0,0,1,0,0.9,0.3,0.8,0.5,0.108,0.15,6,"disjunctive",0,3,"3","d3","A",0.310776212432609,"A","A=0"
"406",966,0,1,"00",0,0,1,0,0.9,0.3,0.8,0.5,0.108,0.15,6,"disjunctive",0,3,"3","d3","Au=0",0.0172708971249286,"Au","Au=0"
"407",966,0,1,"00",0,0,1,0,0.9,0.3,0.8,0.5,0.108,0.15,6,"disjunctive",0,3,"3","d3","B",0.128284882752857,"B","B=1"
"408",966,0,1,"00",0,0,1,0,0.9,0.3,0.8,0.5,0.108,0.15,6,"disjunctive",0,3,"3","d3","Bu=0",0.170870760297517,"Bu","Bu=0"
"409",967,0,1,"01",0,1,0,1,0.9,0.3,0.8,0.5,0.108,0.15,7,"disjunctive",0,2,"3","d2","A",0.149228832378109,"A","A=0"
"410",967,0,1,"01",0,1,0,1,0.9,0.3,0.8,0.5,0.108,0.15,7,"disjunctive",0,2,"3","d2","Au=0",0.00828775230897431,"Au","Au=0"
"411",967,0,1,"01",0,1,0,1,0.9,0.3,0.8,0.5,0.108,0.15,7,"disjunctive",0,2,"3","d2","B",0.422181362104589,"B","B=1"
"412",967,0,1,"01",0,1,0,1,0.9,0.3,0.8,0.5,0.108,0.15,7,"disjunctive",0,2,"3","d2","Bu=1",0.0996094260260776,"Bu","Bu=1"
"413",968,0,1,"01",0,1,1,1,0.9,0.3,0.8,0.5,0.108,0.15,8,"disjunctive",0.3,3,"3","d3","A",0.147338064335001,"A","A=0"
"414",968,0,1,"01",0,1,1,1,0.9,0.3,0.8,0.5,0.108,0.15,8,"disjunctive",0.3,3,"3","d3","Au=0",0.00826239758592956,"Au","Au=0"
"415",968,0,1,"01",0,1,1,1,0.9,0.3,0.8,0.5,0.108,0.15,8,"disjunctive",0.3,3,"3","d3","B",0.42270077327281,"B","B=1"
"416",968,0,1,"01",0,1,1,1,0.9,0.3,0.8,0.5,0.108,0.15,8,"disjunctive",0.3,3,"3","d3","Bu=1",0.0995979386516829,"Bu","Bu=1"
"417",969,0,1,"10",1,0,0,0,0.9,0.7,0.8,0.5,0.252,0.35,9,"disjunctive",0.7,2,"3","d2","A",0.180006238081887,"A","A=0"
"418",969,0,1,"10",1,0,0,0,0.9,0.7,0.8,0.5,0.252,0.35,9,"disjunctive",0.7,2,"3","d2","Au=1",0.00997727620420429,"Au","Au=1"
"419",969,0,1,"10",1,0,0,0,0.9,0.7,0.8,0.5,0.252,0.35,9,"disjunctive",0.7,2,"3","d2","B",0.0465728706435759,"B","B=1"
"420",969,0,1,"10",1,0,0,0,0.9,0.7,0.8,0.5,0.252,0.35,9,"disjunctive",0.7,2,"3","d2","Bu=0",0.441365709840461,"Bu","Bu=0"
"421",970,0,1,"10",1,0,1,0,0.9,0.7,0.8,0.5,0.252,0.35,10,"disjunctive",0,3,"3","d3","A",0.181361367113936,"A","A=0"
"422",970,0,1,"10",1,0,1,0,0.9,0.7,0.8,0.5,0.252,0.35,10,"disjunctive",0,3,"3","d3","Au=1",0.0100645577241625,"Au","Au=1"
"423",970,0,1,"10",1,0,1,0,0.9,0.7,0.8,0.5,0.252,0.35,10,"disjunctive",0,3,"3","d3","B",0.0467195616287854,"B","B=1"
"424",970,0,1,"10",1,0,1,0,0.9,0.7,0.8,0.5,0.252,0.35,10,"disjunctive",0,3,"3","d3","Bu=0",0.43987419037782,"Bu","Bu=0"
"425",971,0,1,"11",1,1,0,1,0.9,0.7,0.8,0.5,0.252,0.35,11,"disjunctive",0,2,"3","d2","A",0.039268352438014,"A","A=0"
"426",971,0,1,"11",1,1,0,1,0.9,0.7,0.8,0.5,0.252,0.35,11,"disjunctive",0,2,"3","d2","Au=1",0.00220397289541167,"Au","Au=1"
"427",971,0,1,"11",1,1,0,1,0.9,0.7,0.8,0.5,0.252,0.35,11,"disjunctive",0,2,"3","d2","B",0.247786948408744,"B","B=1"
"428",971,0,1,"11",1,1,0,1,0.9,0.7,0.8,0.5,0.252,0.35,11,"disjunctive",0,2,"3","d2","Bu=1",0.410944014106933,"Bu","Bu=1"
"429",972,0,1,"11",1,1,1,1,0.9,0.7,0.8,0.5,0.252,0.35,12,"disjunctive",0.7,3,"3","d3","A",0.0391533230122284,"A","A=0"
"430",972,0,1,"11",1,1,1,1,0.9,0.7,0.8,0.5,0.252,0.35,12,"disjunctive",0.7,3,"3","d3","Au=1",0.00216243866656351,"Au","Au=1"
"431",972,0,1,"11",1,1,1,1,0.9,0.7,0.8,0.5,0.252,0.35,12,"disjunctive",0.7,3,"3","d3","B",0.247805794243139,"B","B=1"
"432",972,0,1,"11",1,1,1,1,0.9,0.7,0.8,0.5,0.252,0.35,12,"disjunctive",0.7,3,"3","d3","Bu=1",0.412101013022178,"Bu","Bu=1"
"433",973,1,0,"00",0,0,0,0,0.1,0.3,0.2,0.5,0.003,0.15,13,"disjunctive",0.5,4,"3","d4","A",0.116276668746041,"A","A=1"
"434",973,1,0,"00",0,0,0,0,0.1,0.3,0.2,0.5,0.003,0.15,13,"disjunctive",0.5,4,"3","d4","Au=0",0.369885619033372,"Au","Au=0"
"435",973,1,0,"00",0,0,0,0,0.1,0.3,0.2,0.5,0.003,0.15,13,"disjunctive",0.5,4,"3","d4","B",0.0699598464762756,"B","B=0"
"436",973,1,0,"00",0,0,0,0,0.1,0.3,0.2,0.5,0.003,0.15,13,"disjunctive",0.5,4,"3","d4","Bu=0",0.0935067402643519,"Bu","Bu=0"
"437",974,1,0,"00",0,0,1,0,0.1,0.3,0.2,0.5,0.003,0.15,14,"disjunctive",0,5,"3","d5","A",0.116073035070691,"A","A=1"
"438",974,1,0,"00",0,0,1,0,0.1,0.3,0.2,0.5,0.003,0.15,14,"disjunctive",0,5,"3","d5","Au=0",0.370126837840644,"Au","Au=0"
"439",974,1,0,"00",0,0,1,0,0.1,0.3,0.2,0.5,0.003,0.15,14,"disjunctive",0,5,"3","d5","B",0.0701300423137863,"B","B=0"
"440",974,1,0,"00",0,0,1,0,0.1,0.3,0.2,0.5,0.003,0.15,14,"disjunctive",0,5,"3","d5","Bu=0",0.0937236844559982,"Bu","Bu=0"
"441",975,1,0,"01",0,1,0,0,0.1,0.3,0.2,0.5,0.003,0.15,15,"disjunctive",0.5,4,"3","d4","A",0.0795020212011225,"A","A=1"
"442",975,1,0,"01",0,1,0,0,0.1,0.3,0.2,0.5,0.003,0.15,15,"disjunctive",0.5,4,"3","d4","Au=0",0.252364113736718,"Au","Au=0"
"443",975,1,0,"01",0,1,0,0,0.1,0.3,0.2,0.5,0.003,0.15,15,"disjunctive",0.5,4,"3","d4","B",0.328321772367847,"B","B=0"
"444",975,1,0,"01",0,1,0,0,0.1,0.3,0.2,0.5,0.003,0.15,15,"disjunctive",0.5,4,"3","d4","Bu=1",0.0778111843077624,"Bu","Bu=1"
"445",976,1,0,"01",0,1,1,0,0.1,0.3,0.2,0.5,0.003,0.15,16,"disjunctive",0,5,"3","d5","A",0.0793151927878959,"A","A=1"
"446",976,1,0,"01",0,1,1,0,0.1,0.3,0.2,0.5,0.003,0.15,16,"disjunctive",0,5,"3","d5","Au=0",0.252090728794487,"Au","Au=0"
"447",976,1,0,"01",0,1,1,0,0.1,0.3,0.2,0.5,0.003,0.15,16,"disjunctive",0,5,"3","d5","B",0.328049524442612,"B","B=0"
"448",976,1,0,"01",0,1,1,0,0.1,0.3,0.2,0.5,0.003,0.15,16,"disjunctive",0,5,"3","d5","Bu=1",0.0770872150464424,"Bu","Bu=1"
"449",977,1,0,"10",1,0,0,1,0.1,0.7,0.2,0.5,0.007,0.35,17,"disjunctive",0,4,"3","d4","A",0.0897141951535558,"A","A=1"
"450",977,1,0,"10",1,0,0,1,0.1,0.7,0.2,0.5,0.007,0.35,17,"disjunctive",0,4,"3","d4","Au=1",0.28621657631441,"Au","Au=1"
"451",977,1,0,"10",1,0,0,1,0.1,0.7,0.2,0.5,0.007,0.35,17,"disjunctive",0,4,"3","d4","B",0.0340269619739613,"B","B=0"
"452",977,1,0,"10",1,0,0,1,0.1,0.7,0.2,0.5,0.007,0.35,17,"disjunctive",0,4,"3","d4","Bu=0",0.319561655573509,"Bu","Bu=0"
"453",978,1,0,"10",1,0,1,1,0.1,0.7,0.2,0.5,0.007,0.35,18,"disjunctive",0.5,5,"3","d5","A",0.0896646097665167,"A","A=1"
"454",978,1,0,"10",1,0,1,1,0.1,0.7,0.2,0.5,0.007,0.35,18,"disjunctive",0.5,5,"3","d5","Au=1",0.286645762955269,"Au","Au=1"
"455",978,1,0,"10",1,0,1,1,0.1,0.7,0.2,0.5,0.007,0.35,18,"disjunctive",0.5,5,"3","d5","B",0.0338954916356725,"B","B=0"
"456",978,1,0,"10",1,0,1,1,0.1,0.7,0.2,0.5,0.007,0.35,18,"disjunctive",0.5,5,"3","d5","Bu=0",0.319964222794168,"Bu","Bu=0"
"457",979,1,0,"11",1,1,0,1,0.1,0.7,0.2,0.5,0.007,0.35,19,"disjunctive",0,4,"3","d4","A",0.0250368478672066,"A","A=1"
"458",979,1,0,"11",1,1,0,1,0.1,0.7,0.2,0.5,0.007,0.35,19,"disjunctive",0,4,"3","d4","Au=1",0.0796022599762811,"Au","Au=1"
"459",979,1,0,"11",1,1,0,1,0.1,0.7,0.2,0.5,0.007,0.35,19,"disjunctive",0,4,"3","d4","B",0.227139888167654,"B","B=0"
"460",979,1,0,"11",1,1,0,1,0.1,0.7,0.2,0.5,0.007,0.35,19,"disjunctive",0,4,"3","d4","Bu=1",0.377893838666463,"Bu","Bu=1"
"461",980,1,0,"11",1,1,1,1,0.1,0.7,0.2,0.5,0.007,0.35,20,"disjunctive",0.5,5,"3","d5","A",0.0248432744420767,"A","A=1"
"462",980,1,0,"11",1,1,1,1,0.1,0.7,0.2,0.5,0.007,0.35,20,"disjunctive",0.5,5,"3","d5","Au=1",0.0796886630900385,"Au","Au=1"
"463",980,1,0,"11",1,1,1,1,0.1,0.7,0.2,0.5,0.007,0.35,20,"disjunctive",0.5,5,"3","d5","B",0.226563580236463,"B","B=0"
"464",980,1,0,"11",1,1,1,1,0.1,0.7,0.2,0.5,0.007,0.35,20,"disjunctive",0.5,5,"3","d5","Bu=1",0.378247258294285,"Bu","Bu=1"
"465",981,1,1,"00",0,0,0,0,0.1,0.3,0.8,0.5,0.012,0.15,21,"disjunctive",1,6,"3","d6","A",0.416383204569483,"A","A=1"
"466",981,1,1,"00",0,0,0,0,0.1,0.3,0.8,0.5,0.012,0.15,21,"disjunctive",1,6,"3","d6","Au=0",0.21489558578535,"Au","Au=0"
"467",981,1,1,"00",0,0,0,0,0.1,0.3,0.8,0.5,0.012,0.15,21,"disjunctive",1,6,"3","d6","B",0.0229547319498578,"B","B=1"
"468",981,1,1,"00",0,0,0,0,0.1,0.3,0.8,0.5,0.012,0.15,21,"disjunctive",1,6,"3","d6","Bu=0",0.0306386894464052,"Bu","Bu=0"
"469",982,1,1,"00",0,0,1,0,0.1,0.3,0.8,0.5,0.012,0.15,22,"disjunctive",0,7,"3","d7","A",0.417431469501085,"A","A=1"
"470",982,1,1,"00",0,0,1,0,0.1,0.3,0.8,0.5,0.012,0.15,22,"disjunctive",0,7,"3","d7","Au=0",0.214268979385064,"Au","Au=0"
"471",982,1,1,"00",0,0,1,0,0.1,0.3,0.8,0.5,0.012,0.15,22,"disjunctive",0,7,"3","d7","B",0.0228868184451532,"B","B=1"
"472",982,1,1,"00",0,0,1,0,0.1,0.3,0.8,0.5,0.012,0.15,22,"disjunctive",0,7,"3","d7","Bu=0",0.0310399563210081,"Bu","Bu=0"
"473",983,1,1,"01",0,1,0,1,0.1,0.3,0.8,0.5,0.012,0.15,23,"disjunctive",0,6,"3","d6","A",0.363351676231395,"A","A=1"
"474",983,1,1,"01",0,1,0,1,0.1,0.3,0.8,0.5,0.012,0.15,23,"disjunctive",0,6,"3","d6","Au=0",0.187487565699078,"Au","Au=0"
"475",983,1,1,"01",0,1,0,1,0.1,0.3,0.8,0.5,0.012,0.15,23,"disjunctive",0,6,"3","d6","B",0.137910103259719,"B","B=1"
"476",983,1,1,"01",0,1,0,1,0.1,0.3,0.8,0.5,0.012,0.15,23,"disjunctive",0,6,"3","d6","Bu=1",0.0327462486974371,"Bu","Bu=1"
"477",984,1,1,"01",0,1,1,1,0.1,0.3,0.8,0.5,0.012,0.15,24,"disjunctive",0.176470588235294,7,"3","d7","A",0.362937162435801,"A","A=1"
"478",984,1,1,"01",0,1,1,1,0.1,0.3,0.8,0.5,0.012,0.15,24,"disjunctive",0.176470588235294,7,"3","d7","Au=0",0.188662963324021,"Au","Au=0"
"479",984,1,1,"01",0,1,1,1,0.1,0.3,0.8,0.5,0.012,0.15,24,"disjunctive",0.176470588235294,7,"3","d7","B",0.137768422531143,"B","B=1"
"480",984,1,1,"01",0,1,1,1,0.1,0.3,0.8,0.5,0.012,0.15,24,"disjunctive",0.176470588235294,7,"3","d7","Bu=1",0.0324893061487906,"Bu","Bu=1"
"481",985,1,1,"10",1,0,0,1,0.1,0.7,0.8,0.5,0.028,0.35,25,"disjunctive",0,6,"3","d6","A",0.382648194262403,"A","A=1"
"482",985,1,1,"10",1,0,0,1,0.1,0.7,0.8,0.5,0.028,0.35,25,"disjunctive",0,6,"3","d6","Au=1",0.198006186389956,"Au","Au=1"
"483",985,1,1,"10",1,0,0,1,0.1,0.7,0.8,0.5,0.028,0.35,25,"disjunctive",0,6,"3","d6","B",0.0131234830595733,"B","B=1"
"484",985,1,1,"10",1,0,0,1,0.1,0.7,0.8,0.5,0.028,0.35,25,"disjunctive",0,6,"3","d6","Bu=0",0.124254901979182,"Bu","Bu=0"
"485",986,1,1,"10",1,0,1,1,0.1,0.7,0.8,0.5,0.028,0.35,26,"disjunctive",0.411764705882353,7,"3","d7","A",0.383453958494163,"A","A=1"
"486",986,1,1,"10",1,0,1,1,0.1,0.7,0.8,0.5,0.028,0.35,26,"disjunctive",0.411764705882353,7,"3","d7","Au=1",0.198235218900612,"Au","Au=1"
"487",986,1,1,"10",1,0,1,1,0.1,0.7,0.8,0.5,0.028,0.35,26,"disjunctive",0.411764705882353,7,"3","d7","B",0.0132434750917883,"B","B=1"
"488",986,1,1,"10",1,0,1,1,0.1,0.7,0.8,0.5,0.028,0.35,26,"disjunctive",0.411764705882353,7,"3","d7","Bu=0",0.124083373065528,"Bu","Bu=0"
"489",987,1,1,"11",1,1,0,1,0.1,0.7,0.8,0.5,0.028,0.35,27,"disjunctive",0,6,"3","d6","A",0.162107618946709,"A","A=1"
"490",987,1,1,"11",1,1,0,1,0.1,0.7,0.8,0.5,0.028,0.35,27,"disjunctive",0,6,"3","d6","Au=1",0.0842988859130991,"Au","Au=1"
"491",987,1,1,"11",1,1,0,1,0.1,0.7,0.8,0.5,0.028,0.35,27,"disjunctive",0,6,"3","d6","B",0.135378066160266,"B","B=1"
"492",987,1,1,"11",1,1,0,1,0.1,0.7,0.8,0.5,0.028,0.35,27,"disjunctive",0,6,"3","d6","Bu=1",0.224980324236392,"Bu","Bu=1"
"493",988,1,1,"11",1,1,1,1,0.1,0.7,0.8,0.5,0.028,0.35,28,"disjunctive",0.411764705882353,7,"3","d7","A",0.16256325203298,"A","A=1"
"494",988,1,1,"11",1,1,1,1,0.1,0.7,0.8,0.5,0.028,0.35,28,"disjunctive",0.411764705882353,7,"3","d7","Au=1",0.0841333446526992,"Au","Au=1"
"495",988,1,1,"11",1,1,1,1,0.1,0.7,0.8,0.5,0.028,0.35,28,"disjunctive",0.411764705882353,7,"3","d7","B",0.135310626707037,"B","B=1"
"496",988,1,1,"11",1,1,1,1,0.1,0.7,0.8,0.5,0.028,0.35,28,"disjunctive",0.411764705882353,7,"3","d7","Bu=1",0.225026820472639,"Bu","Bu=1"
"497",989,0,0,"00",0,0,0,0,0.9,0.3,0.2,0.5,0.027,0.15,1,"conjunctive",0.15,1,"3","c1","A",0.0432914184824854,"A","A=0"
"498",989,0,0,"00",0,0,0,0,0.9,0.3,0.2,0.5,0.027,0.15,1,"conjunctive",0.15,1,"3","c1","Au=0",0.0143290552265692,"Au","Au=0"
"499",989,0,0,"00",0,0,0,0,0.9,0.3,0.2,0.5,0.027,0.15,1,"conjunctive",0.15,1,"3","c1","B",0.0137119566751434,"B","B=0"
"500",989,0,0,"00",0,0,0,0,0.9,0.3,0.2,0.5,0.027,0.15,1,"conjunctive",0.15,1,"3","c1","Bu=0",0.0178746770103334,"Bu","Bu=0"
"501",990,0,0,"01",0,1,0,0,0.9,0.3,0.2,0.5,0.027,0.15,2,"conjunctive",0.15,1,"3","c1","A",0.105103820611554,"A","A=0"
"502",990,0,0,"01",0,1,0,0,0.9,0.3,0.2,0.5,0.027,0.15,2,"conjunctive",0.15,1,"3","c1","Au=0",0.0350958064244593,"Au","Au=0"
"503",990,0,0,"01",0,1,0,0,0.9,0.3,0.2,0.5,0.027,0.15,2,"conjunctive",0.15,1,"3","c1","B",0.0329892653217046,"B","B=0"
"504",990,0,0,"01",0,1,0,0,0.9,0.3,0.2,0.5,0.027,0.15,2,"conjunctive",0.15,1,"3","c1","Bu=1",0.0074549890754593,"Bu","Bu=1"
"505",991,0,0,"10",1,0,0,0,0.9,0.7,0.2,0.5,0.063,0.35,3,"conjunctive",0.35,1,"3","c1","A",0.0809766900988995,"A","A=0"
"506",991,0,0,"10",1,0,0,0,0.9,0.7,0.2,0.5,0.063,0.35,3,"conjunctive",0.35,1,"3","c1","Au=1",0.0285577623817557,"Au","Au=1"
"507",991,0,0,"10",1,0,0,0,0.9,0.7,0.2,0.5,0.063,0.35,3,"conjunctive",0.35,1,"3","c1","B",0.00389123400196194,"B","B=0"
"508",991,0,0,"10",1,0,0,0,0.9,0.7,0.2,0.5,0.063,0.35,3,"conjunctive",0.35,1,"3","c1","Bu=0",0.0337395392155491,"Bu","Bu=0"
"509",992,0,0,"11",1,1,0,0,0.9,0.7,0.2,0.5,0.063,0.35,4,"conjunctive",0.35,1,"3","c1","A",0.200417702761045,"A","A=0"
"510",992,0,0,"11",1,1,0,0,0.9,0.7,0.2,0.5,0.063,0.35,4,"conjunctive",0.35,1,"3","c1","Au=1",0.0681308219920479,"Au","Au=1"
"511",992,0,0,"11",1,1,0,0,0.9,0.7,0.2,0.5,0.063,0.35,4,"conjunctive",0.35,1,"3","c1","B",0.00925120943010818,"B","B=0"
"512",992,0,0,"11",1,1,0,0,0.9,0.7,0.2,0.5,0.063,0.35,4,"conjunctive",0.35,1,"3","c1","Bu=1",0.0149018382310128,"Bu","Bu=1"
"513",993,0,1,"00",0,0,0,0,0.9,0.3,0.8,0.5,0.108,0.15,5,"conjunctive",0.15,2,"3","c2","A",0.0894701068834774,"A","A=0"
"514",993,0,1,"00",0,0,0,0,0.9,0.3,0.8,0.5,0.108,0.15,5,"conjunctive",0.15,2,"3","c2","Au=0",0.00488198461633702,"Au","Au=0"
"515",993,0,1,"00",0,0,0,0,0.9,0.3,0.8,0.5,0.108,0.15,5,"conjunctive",0.15,2,"3","c2","B",0.0280162303474458,"B","B=1"
"516",993,0,1,"00",0,0,0,0,0.9,0.3,0.8,0.5,0.108,0.15,5,"conjunctive",0.15,2,"3","c2","Bu=0",0.0371972721529426,"Bu","Bu=0"
"517",994,0,1,"01",0,1,0,0,0.9,0.3,0.8,0.5,0.108,0.15,6,"conjunctive",0.15,2,"3","c2","A",0.211134923019648,"A","A=0"
"518",994,0,1,"01",0,1,0,0,0.9,0.3,0.8,0.5,0.108,0.15,6,"conjunctive",0.15,2,"3","c2","Au=0",0.0119012222862878,"Au","Au=0"
"519",994,0,1,"01",0,1,0,0,0.9,0.3,0.8,0.5,0.108,0.15,6,"conjunctive",0.15,2,"3","c2","B",0.0666541418824536,"B","B=1"
"520",994,0,1,"01",0,1,0,0,0.9,0.3,0.8,0.5,0.108,0.15,6,"conjunctive",0.15,2,"3","c2","Bu=1",0.015328661665094,"Bu","Bu=1"
"521",995,0,1,"10",1,0,0,0,0.9,0.7,0.8,0.5,0.252,0.35,7,"conjunctive",0.35,2,"3","c2","A",0.180741701356369,"A","A=0"
"522",995,0,1,"10",1,0,0,0,0.9,0.7,0.8,0.5,0.252,0.35,7,"conjunctive",0.35,2,"3","c2","Au=1",0.009543167835404,"Au","Au=1"
"523",995,0,1,"10",1,0,0,0,0.9,0.7,0.8,0.5,0.252,0.35,7,"conjunctive",0.35,2,"3","c2","B",0.00760523548727887,"B","B=1"
"524",995,0,1,"10",1,0,0,0,0.9,0.7,0.8,0.5,0.252,0.35,7,"conjunctive",0.35,2,"3","c2","Bu=0",0.0751263179595996,"Bu","Bu=0"
"525",996,0,1,"11",1,1,0,0,0.9,0.7,0.8,0.5,0.252,0.35,8,"conjunctive",0.35,2,"3","c2","A",0.4235107827511,"A","A=0"
"526",996,0,1,"11",1,1,0,0,0.9,0.7,0.8,0.5,0.252,0.35,8,"conjunctive",0.35,2,"3","c2","Au=1",0.0235502102702412,"Au","Au=1"
"527",996,0,1,"11",1,1,0,0,0.9,0.7,0.8,0.5,0.252,0.35,8,"conjunctive",0.35,2,"3","c2","B",0.0189845407406661,"B","B=1"
"528",996,0,1,"11",1,1,0,0,0.9,0.7,0.8,0.5,0.252,0.35,8,"conjunctive",0.35,2,"3","c2","Bu=1",0.0314733773224104,"Bu","Bu=1"
"529",997,1,0,"00",0,0,0,0,0.1,0.3,0.2,0.5,0.003,0.15,9,"conjunctive",0.15,3,"3","c3","A",0.0225924646096828,"A","A=1"
"530",997,1,0,"00",0,0,0,0,0.1,0.3,0.2,0.5,0.003,0.15,9,"conjunctive",0.15,3,"3","c3","Au=0",0.0712351694316232,"Au","Au=0"
"531",997,1,0,"00",0,0,0,0,0.1,0.3,0.2,0.5,0.003,0.15,9,"conjunctive",0.15,3,"3","c3","B",0.0658802101259012,"B","B=0"
"532",997,1,0,"00",0,0,0,0,0.1,0.3,0.2,0.5,0.003,0.15,9,"conjunctive",0.15,3,"3","c3","Bu=0",0.0894242771571365,"Bu","Bu=0"
"533",998,1,0,"01",0,1,0,0,0.1,0.3,0.2,0.5,0.003,0.15,10,"conjunctive",0.15,3,"3","c3","A",0.0541110240552971,"A","A=1"
"534",998,1,0,"01",0,1,0,0,0.1,0.3,0.2,0.5,0.003,0.15,10,"conjunctive",0.15,3,"3","c3","Au=0",0.174288586650202,"Au","Au=0"
"535",998,1,0,"01",0,1,0,0,0.1,0.3,0.2,0.5,0.003,0.15,10,"conjunctive",0.15,3,"3","c3","B",0.160048278532469,"B","B=0"
"536",998,1,0,"01",0,1,0,0,0.1,0.3,0.2,0.5,0.003,0.15,10,"conjunctive",0.15,3,"3","c3","Bu=1",0.0376262235648462,"Bu","Bu=1"
"537",999,1,0,"10",1,0,0,0,0.1,0.7,0.2,0.5,0.007,0.35,11,"conjunctive",0.35,3,"3","c3","A",0.0456684400493653,"A","A=1"
"538",999,1,0,"10",1,0,0,0,0.1,0.7,0.2,0.5,0.007,0.35,11,"conjunctive",0.35,3,"3","c3","Au=1",0.143546924035794,"Au","Au=1"
"539",999,1,0,"10",1,0,0,0,0.1,0.7,0.2,0.5,0.007,0.35,11,"conjunctive",0.35,3,"3","c3","B",0.0186606353921861,"B","B=0"
"540",999,1,0,"10",1,0,0,0,0.1,0.7,0.2,0.5,0.007,0.35,11,"conjunctive",0.35,3,"3","c3","Bu=0",0.177147354591592,"Bu","Bu=0"
"541",1000,1,0,"11",1,1,0,0,0.1,0.7,0.2,0.5,0.007,0.35,12,"conjunctive",0.35,3,"3","c3","A",0.113863792534703,"A","A=1"
"542",1000,1,0,"11",1,1,0,0,0.1,0.7,0.2,0.5,0.007,0.35,12,"conjunctive",0.35,3,"3","c3","Au=1",0.362098632618524,"Au","Au=1"
"543",1000,1,0,"11",1,1,0,0,0.1,0.7,0.2,0.5,0.007,0.35,12,"conjunctive",0.35,3,"3","c3","B",0.0471841458861267,"B","B=0"
"544",1000,1,0,"11",1,1,0,0,0.1,0.7,0.2,0.5,0.007,0.35,12,"conjunctive",0.35,3,"3","c3","Bu=1",0.0781177586648808,"Bu","Bu=1"
"545",1001,1,1,"00",0,0,0,0,0.1,0.3,0.8,0.5,0.012,0.15,13,"conjunctive",0.230769230769231,4,"3","c4","A",0.047737654940326,"A","A=1"
"546",1001,1,1,"00",0,0,0,0,0.1,0.3,0.8,0.5,0.012,0.15,13,"conjunctive",0.230769230769231,4,"3","c4","Au=0",0.0244783945111531,"Au","Au=0"
"547",1001,1,1,"00",0,0,0,0,0.1,0.3,0.8,0.5,0.012,0.15,13,"conjunctive",0.230769230769231,4,"3","c4","B",0.140003637682444,"B","B=1"
"548",1001,1,1,"00",0,0,0,0,0.1,0.3,0.8,0.5,0.012,0.15,13,"conjunctive",0.230769230769231,4,"3","c4","Bu=0",0.187186831703736,"Bu","Bu=0"
"549",1002,1,1,"00",0,0,1,0,0.1,0.3,0.8,0.5,0.012,0.15,14,"conjunctive",0,5,"3","c5","A",0.0472990087268454,"A","A=1"
"550",1002,1,1,"00",0,0,1,0,0.1,0.3,0.8,0.5,0.012,0.15,14,"conjunctive",0,5,"3","c5","Au=0",0.0247447701313876,"Au","Au=0"
"551",1002,1,1,"00",0,0,1,0,0.1,0.3,0.8,0.5,0.012,0.15,14,"conjunctive",0,5,"3","c5","B",0.139371172182658,"B","B=1"
"552",1002,1,1,"00",0,0,1,0,0.1,0.3,0.8,0.5,0.012,0.15,14,"conjunctive",0,5,"3","c5","Bu=0",0.186761822306971,"Bu","Bu=0"
"553",1003,1,1,"01",0,1,0,0,0.1,0.3,0.8,0.5,0.012,0.15,15,"conjunctive",0.230769230769231,4,"3","c4","A",0.120915515389917,"A","A=1"
"554",1003,1,1,"01",0,1,0,0,0.1,0.3,0.8,0.5,0.012,0.15,15,"conjunctive",0.230769230769231,4,"3","c4","Au=0",0.0626053878275295,"Au","Au=0"
"555",1003,1,1,"01",0,1,0,0,0.1,0.3,0.8,0.5,0.012,0.15,15,"conjunctive",0.230769230769231,4,"3","c4","B",0.353108702481401,"B","B=1"
"556",1003,1,1,"01",0,1,0,0,0.1,0.3,0.8,0.5,0.012,0.15,15,"conjunctive",0.230769230769231,4,"3","c4","Bu=1",0.0834110516781208,"Bu","Bu=1"
"557",1004,1,1,"01",0,1,1,0,0.1,0.3,0.8,0.5,0.012,0.15,16,"conjunctive",0,5,"3","c5","A",0.120309740528657,"A","A=1"
"558",1004,1,1,"01",0,1,1,0,0.1,0.3,0.8,0.5,0.012,0.15,16,"conjunctive",0,5,"3","c5","Au=0",0.0619564317202171,"Au","Au=0"
"559",1004,1,1,"01",0,1,1,0,0.1,0.3,0.8,0.5,0.012,0.15,16,"conjunctive",0,5,"3","c5","B",0.351803427089686,"B","B=1"
"560",1004,1,1,"01",0,1,1,0,0.1,0.3,0.8,0.5,0.012,0.15,16,"conjunctive",0,5,"3","c5","Bu=1",0.0828341412214953,"Bu","Bu=1"
"561",1005,1,1,"10",1,0,0,0,0.1,0.7,0.8,0.5,0.028,0.35,17,"conjunctive",0.538461538461539,4,"3","c4","A",0.0978217794331556,"A","A=1"
"562",1005,1,1,"10",1,0,0,0,0.1,0.7,0.8,0.5,0.028,0.35,17,"conjunctive",0.538461538461539,4,"3","c4","Au=1",0.0505555422062194,"Au","Au=1"
"563",1005,1,1,"10",1,0,0,0,0.1,0.7,0.8,0.5,0.028,0.35,17,"conjunctive",0.538461538461539,4,"3","c4","B",0.040706329537437,"B","B=1"
"564",1005,1,1,"10",1,0,0,0,0.1,0.7,0.8,0.5,0.028,0.35,17,"conjunctive",0.538461538461539,4,"3","c4","Bu=0",0.382847311051408,"Bu","Bu=0"
"565",1006,1,1,"10",1,0,1,0,0.1,0.7,0.8,0.5,0.028,0.35,18,"conjunctive",0,5,"3","c5","A",0.0978252538358347,"A","A=1"
"566",1006,1,1,"10",1,0,1,0,0.1,0.7,0.8,0.5,0.028,0.35,18,"conjunctive",0,5,"3","c5","Au=1",0.0506275088414278,"Au","Au=1"
"567",1006,1,1,"10",1,0,1,0,0.1,0.7,0.8,0.5,0.028,0.35,18,"conjunctive",0,5,"3","c5","B",0.0405613443191308,"B","B=1"
"568",1006,1,1,"10",1,0,1,0,0.1,0.7,0.8,0.5,0.028,0.35,18,"conjunctive",0,5,"3","c5","Bu=0",0.382691341132894,"Bu","Bu=0"
"569",1007,1,1,"11",1,1,0,1,0.1,0.7,0.8,0.5,0.028,0.35,19,"conjunctive",0,4,"3","c4","A",0.323426103000021,"A","A=1"
"570",1007,1,1,"11",1,1,0,1,0.1,0.7,0.8,0.5,0.028,0.35,19,"conjunctive",0,4,"3","c4","Au=1",0.167905134679949,"Au","Au=1"
"571",1007,1,1,"11",1,1,0,1,0.1,0.7,0.8,0.5,0.028,0.35,19,"conjunctive",0,4,"3","c4","B",0.134640390174008,"B","B=1"
"572",1007,1,1,"11",1,1,0,1,0.1,0.7,0.8,0.5,0.028,0.35,19,"conjunctive",0,4,"3","c4","Bu=1",0.223378926005255,"Bu","Bu=1"
"573",1008,1,1,"11",1,1,1,1,0.1,0.7,0.8,0.5,0.028,0.35,20,"conjunctive",1,5,"3","c5","A",0.322944303470751,"A","A=1"
"574",1008,1,1,"11",1,1,1,1,0.1,0.7,0.8,0.5,0.028,0.35,20,"conjunctive",1,5,"3","c5","Au=1",0.166992497142831,"Au","Au=1"
"575",1008,1,1,"11",1,1,1,1,0.1,0.7,0.8,0.5,0.028,0.35,20,"conjunctive",1,5,"3","c5","B",0.133517418754137,"B","B=1"
"576",1008,1,1,"11",1,1,1,1,0.1,0.7,0.8,0.5,0.028,0.35,20,"conjunctive",1,5,"3","c5","Bu=1",0.223419635458285,"Bu","Bu=1"
