"","X","A","B","uAuB","Au","Bu","E.x","E.y","pA","peA","pB","peB","Pr","PrUn","index","structure","posterior","groupPost","pgroup","trialtype","node","cesm","node2","node3","dist"
"1",1,0,0,"00",0,0,0,0,0.9,0.5,0.2,0.5,0.045,0.25,1,"disjunctive",0.25,1,"1","d1","A",0.125853085912724,"A","A=0",0
"2",1,0,0,"00",0,0,0,0,0.9,0.5,0.2,0.5,0.045,0.25,1,"disjunctive",0.25,1,"1","d1","Au=0",0.0520030319952749,"Au","Au=0",0
"3",1,0,0,"00",0,0,0,0,0.9,0.5,0.2,0.5,0.045,0.25,1,"disjunctive",0.25,1,"1","d1","B",0.324787625389969,"B","B=0",0
"4",1,0,0,"00",0,0,0,0,0.9,0.5,0.2,0.5,0.045,0.25,1,"disjunctive",0.25,1,"1","d1","Bu=0",0.432788047774927,"Bu","Bu=0",0
"5",2,0,0,"01",0,1,0,0,0.9,0.5,0.2,0.5,0.045,0.25,2,"disjunctive",0.25,1,"1","d1","A",0.0503843263676137,"A","A=0",0
"6",2,0,0,"01",0,1,0,0,0.9,0.5,0.2,0.5,0.045,0.25,2,"disjunctive",0.25,1,"1","d1","Au=0",0.0218386840733801,"Au","Au=0",0
"7",2,0,0,"01",0,1,0,0,0.9,0.5,0.2,0.5,0.045,0.25,2,"disjunctive",0.25,1,"1","d1","B",0.89029318449287,"B","B=0",0
"8",2,0,0,"01",0,1,0,0,0.9,0.5,0.2,0.5,0.045,0.25,2,"disjunctive",0.25,1,"1","d1","Bu=1",-0.210191974441214,"Bu","Bu=1",0
"9",3,0,0,"10",1,0,0,0,0.9,0.5,0.2,0.5,0.045,0.25,3,"disjunctive",0.25,1,"1","d1","A",0.0615168193422442,"A","A=0",0
"10",3,0,0,"10",1,0,0,0,0.9,0.5,0.2,0.5,0.045,0.25,3,"disjunctive",0.25,1,"1","d1","Au=1",-0.0269959142223394,"Au","Au=1",0
"11",3,0,0,"10",1,0,0,0,0.9,0.5,0.2,0.5,0.045,0.25,3,"disjunctive",0.25,1,"1","d1","B",0.100654800203559,"B","B=0",0
"12",3,0,0,"10",1,0,0,0,0.9,0.5,0.2,0.5,0.045,0.25,3,"disjunctive",0.25,1,"1","d1","Bu=0",0.949914296074668,"Bu","Bu=0",0
"13",4,0,0,"11",1,1,0,0,0.9,0.5,0.2,0.5,0.045,0.25,4,"disjunctive",0.25,1,"1","d1","A",0.0146519969718276,"A","A=0",0
"14",4,0,0,"11",1,1,0,0,0.9,0.5,0.2,0.5,0.045,0.25,4,"disjunctive",0.25,1,"1","d1","Au=1",-0.00628714437692181,"Au","Au=1",0
"15",4,0,0,"11",1,1,0,0,0.9,0.5,0.2,0.5,0.045,0.25,4,"disjunctive",0.25,1,"1","d1","B",0.502128589586574,"B","B=0",0
"16",4,0,0,"11",1,1,0,0,0.9,0.5,0.2,0.5,0.045,0.25,4,"disjunctive",0.25,1,"1","d1","Bu=1",-0.835005987647601,"Bu","Bu=1",0
"17",5,0,1,"00",0,0,0,0,0.9,0.5,0.8,0.5,0.18,0.25,5,"disjunctive",0.5,2,"1","d2","A",0.580689784627557,"A","A=0",0
"18",5,0,1,"00",0,0,0,0,0.9,0.5,0.8,0.5,0.18,0.25,5,"disjunctive",0.5,2,"1","d2","Au=0",0.0438695443627984,"Au","Au=0",0.25
"19",5,0,1,"00",0,0,0,0,0.9,0.5,0.8,0.5,0.18,0.25,5,"disjunctive",0.5,2,"1","d2","B",-0.263449772763858,"B","B=1",0
"20",5,0,1,"00",0,0,0,0,0.9,0.5,0.8,0.5,0.18,0.25,5,"disjunctive",0.5,2,"1","d2","Bu=0",0.350998493042152,"Bu","Bu=0",0.25
"21",6,0,1,"00",0,0,1,0,0.9,0.5,0.8,0.5,0.18,0.25,6,"disjunctive",0,3,"1","d3","A",-0.586770659940433,"A","A=0",0
"22",6,0,1,"00",0,0,1,0,0.9,0.5,0.8,0.5,0.18,0.25,6,"disjunctive",0,3,"1","d3","Au=0",-0.0436539011274367,"Au","Au=0",0.25
"23",6,0,1,"00",0,0,1,0,0.9,0.5,0.8,0.5,0.18,0.25,6,"disjunctive",0,3,"1","d3","B",0.260493225647195,"B","B=1",0
"24",6,0,1,"00",0,0,1,0,0.9,0.5,0.8,0.5,0.18,0.25,6,"disjunctive",0,3,"1","d3","Bu=0",-0.348312618205365,"Bu","Bu=0",0.25
"25",7,0,1,"01",0,1,0,1,0.9,0.5,0.8,0.5,0.18,0.25,7,"disjunctive",0,2,"1","d2","A",0.276907603071477,"A","A=0",0
"26",7,0,1,"01",0,1,0,1,0.9,0.5,0.8,0.5,0.18,0.25,7,"disjunctive",0,2,"1","d2","Au=0",0.0213549808880979,"Au","Au=0",0.25
"27",7,0,1,"01",0,1,0,1,0.9,0.5,0.8,0.5,0.18,0.25,7,"disjunctive",0,2,"1","d2","B",-0.848583875007944,"B","B=1",0
"28",7,0,1,"01",0,1,0,1,0.9,0.5,0.8,0.5,0.18,0.25,7,"disjunctive",0,2,"1","d2","Bu=1",-0.199608594537993,"Bu","Bu=1",0.25
"29",8,0,1,"01",0,1,1,1,0.9,0.5,0.8,0.5,0.18,0.25,8,"disjunctive",0.5,3,"1","d3","A",-0.276855215382805,"A","A=0",0
"30",8,0,1,"01",0,1,1,1,0.9,0.5,0.8,0.5,0.18,0.25,8,"disjunctive",0.5,3,"1","d3","Au=0",-0.0218016824227128,"Au","Au=0",0.25
"31",8,0,1,"01",0,1,1,1,0.9,0.5,0.8,0.5,0.18,0.25,8,"disjunctive",0.5,3,"1","d3","B",0.84723375132388,"B","B=1",0
"32",8,0,1,"01",0,1,1,1,0.9,0.5,0.8,0.5,0.18,0.25,8,"disjunctive",0.5,3,"1","d3","Bu=1",0.199743349458541,"Bu","Bu=1",0.25
"33",9,0,1,"10",1,0,0,0,0.9,0.5,0.8,0.5,0.18,0.25,9,"disjunctive",0.5,2,"1","d2","A",0.33867778674995,"A","A=0",0
"34",9,0,1,"10",1,0,0,0,0.9,0.5,0.8,0.5,0.18,0.25,9,"disjunctive",0.5,2,"1","d2","Au=1",-0.0263791062348069,"Au","Au=1",0.25
"35",9,0,1,"10",1,0,0,0,0.9,0.5,0.8,0.5,0.18,0.25,9,"disjunctive",0.5,2,"1","d2","B",-0.0941801169725463,"B","B=1",0
"36",9,0,1,"10",1,0,0,0,0.9,0.5,0.8,0.5,0.18,0.25,9,"disjunctive",0.5,2,"1","d2","Bu=0",0.886208980612063,"Bu","Bu=0",0.25
"37",10,0,1,"10",1,0,1,0,0.9,0.5,0.8,0.5,0.18,0.25,10,"disjunctive",0,3,"1","d3","A",-0.335504777381383,"A","A=0",0
"38",10,0,1,"10",1,0,1,0,0.9,0.5,0.8,0.5,0.18,0.25,10,"disjunctive",0,3,"1","d3","Au=1",0.0248257578962954,"Au","Au=1",0.25
"39",10,0,1,"10",1,0,1,0,0.9,0.5,0.8,0.5,0.18,0.25,10,"disjunctive",0,3,"1","d3","B",0.0946092736705347,"B","B=1",0
"40",10,0,1,"10",1,0,1,0,0.9,0.5,0.8,0.5,0.18,0.25,10,"disjunctive",0,3,"1","d3","Bu=0",-0.886628091650011,"Bu","Bu=0",0.25
"41",11,0,1,"11",1,1,0,1,0.9,0.5,0.8,0.5,0.18,0.25,11,"disjunctive",0,2,"1","d2","A",0.0733125398366004,"A","A=0",0
"42",11,0,1,"11",1,1,0,1,0.9,0.5,0.8,0.5,0.18,0.25,11,"disjunctive",0,2,"1","d2","Au=1",-0.00574724835268311,"Au","Au=1",0.25
"43",11,0,1,"11",1,1,0,1,0.9,0.5,0.8,0.5,0.18,0.25,11,"disjunctive",0,2,"1","d2","B",-0.495852477235375,"B","B=1",0
"44",11,0,1,"11",1,1,0,1,0.9,0.5,0.8,0.5,0.18,0.25,11,"disjunctive",0,2,"1","d2","Bu=1",-0.824746029180984,"Bu","Bu=1",0.25
"45",12,0,1,"11",1,1,1,1,0.9,0.5,0.8,0.5,0.18,0.25,12,"disjunctive",0.5,3,"1","d3","A",-0.0737711974735594,"A","A=0",0
"46",12,0,1,"11",1,1,1,1,0.9,0.5,0.8,0.5,0.18,0.25,12,"disjunctive",0.5,3,"1","d3","Au=1",0.00467376974419035,"Au","Au=1",0.25
"47",12,0,1,"11",1,1,1,1,0.9,0.5,0.8,0.5,0.18,0.25,12,"disjunctive",0.5,3,"1","d3","B",0.496220463059102,"B","B=1",0
"48",12,0,1,"11",1,1,1,1,0.9,0.5,0.8,0.5,0.18,0.25,12,"disjunctive",0.5,3,"1","d3","Bu=1",0.823654297076436,"Bu","Bu=1",0.25
"49",13,1,0,"00",0,0,0,0,0.1,0.5,0.2,0.5,0.005,0.25,13,"disjunctive",0.5,4,"1","d4","A",-0.185075582021661,"A","A=1",0
"50",13,1,0,"00",0,0,0,0,0.1,0.5,0.2,0.5,0.005,0.25,13,"disjunctive",0.5,4,"1","d4","Au=0",0.719530297846672,"Au","Au=0",0.25
"51",13,1,0,"00",0,0,0,0,0.1,0.5,0.2,0.5,0.005,0.25,13,"disjunctive",0.5,4,"1","d4","B",0.1629714249758,"B","B=0",0
"52",13,1,0,"00",0,0,0,0,0.1,0.5,0.2,0.5,0.005,0.25,13,"disjunctive",0.5,4,"1","d4","Bu=0",0.217662312571662,"Bu","Bu=0",0.25
"53",14,1,0,"00",0,0,1,0,0.1,0.5,0.2,0.5,0.005,0.25,14,"disjunctive",0,5,"1","d5","A",0.184454205008688,"A","A=1",0
"54",14,1,0,"00",0,0,1,0,0.1,0.5,0.2,0.5,0.005,0.25,14,"disjunctive",0,5,"1","d5","Au=0",-0.721500703657929,"Au","Au=0",0.25
"55",14,1,0,"00",0,0,1,0,0.1,0.5,0.2,0.5,0.005,0.25,14,"disjunctive",0,5,"1","d5","B",-0.161381918336877,"B","B=0",0
"56",14,1,0,"00",0,0,1,0,0.1,0.5,0.2,0.5,0.005,0.25,14,"disjunctive",0,5,"1","d5","Bu=0",-0.21744990185442,"Bu","Bu=0",0.25
"57",15,1,0,"01",0,1,0,0,0.1,0.5,0.2,0.5,0.005,0.25,15,"disjunctive",0.5,4,"1","d4","A",-0.117268030877372,"A","A=1",0
"58",15,1,0,"01",0,1,0,0,0.1,0.5,0.2,0.5,0.005,0.25,15,"disjunctive",0.5,4,"1","d4","Au=0",0.456543277930067,"Au","Au=0",0.25
"59",15,1,0,"01",0,1,0,0,0.1,0.5,0.2,0.5,0.005,0.25,15,"disjunctive",0.5,4,"1","d4","B",0.711656163660337,"B","B=0",0
"60",15,1,0,"01",0,1,0,0,0.1,0.5,0.2,0.5,0.005,0.25,15,"disjunctive",0.5,4,"1","d4","Bu=1",-0.168314659343533,"Bu","Bu=1",0.25
"61",16,1,0,"01",0,1,1,0,0.1,0.5,0.2,0.5,0.005,0.25,16,"disjunctive",0,5,"1","d5","A",0.116228836965326,"A","A=1",0
"62",16,1,0,"01",0,1,1,0,0.1,0.5,0.2,0.5,0.005,0.25,16,"disjunctive",0,5,"1","d5","Au=0",-0.456665232917107,"Au","Au=0",0.25
"63",16,1,0,"01",0,1,1,0,0.1,0.5,0.2,0.5,0.005,0.25,16,"disjunctive",0,5,"1","d5","B",-0.711250647139209,"B","B=0",0
"64",16,1,0,"01",0,1,1,0,0.1,0.5,0.2,0.5,0.005,0.25,16,"disjunctive",0,5,"1","d5","Bu=1",0.168329589020182,"Bu","Bu=1",0.25
"65",17,1,0,"10",1,0,0,1,0.1,0.5,0.2,0.5,0.005,0.25,17,"disjunctive",0,4,"1","d4","A",-0.134610389199485,"A","A=1",0
"66",17,1,0,"10",1,0,0,1,0.1,0.5,0.2,0.5,0.005,0.25,17,"disjunctive",0,4,"1","d4","Au=1",-0.526130326272469,"Au","Au=1",0.25
"67",17,1,0,"10",1,0,0,1,0.1,0.5,0.2,0.5,0.005,0.25,17,"disjunctive",0,4,"1","d4","B",0.074947043700008,"B","B=0",0
"68",17,1,0,"10",1,0,0,1,0.1,0.5,0.2,0.5,0.005,0.25,17,"disjunctive",0,4,"1","d4","Bu=0",0.705377054896328,"Bu","Bu=0",0.25
"69",18,1,0,"10",1,0,1,1,0.1,0.5,0.2,0.5,0.005,0.25,18,"disjunctive",0.5,5,"1","d5","A",0.134273649027843,"A","A=1",0
"70",18,1,0,"10",1,0,1,1,0.1,0.5,0.2,0.5,0.005,0.25,18,"disjunctive",0.5,5,"1","d5","Au=1",0.529192476700885,"Au","Au=1",0.25
"71",18,1,0,"10",1,0,1,1,0.1,0.5,0.2,0.5,0.005,0.25,18,"disjunctive",0.5,5,"1","d5","B",-0.0754225047912623,"B","B=0",0
"72",18,1,0,"10",1,0,1,1,0.1,0.5,0.2,0.5,0.005,0.25,18,"disjunctive",0.5,5,"1","d5","Bu=0",-0.703816995845556,"Bu","Bu=0",0.25
"73",19,1,0,"11",1,1,0,1,0.1,0.5,0.2,0.5,0.005,0.25,19,"disjunctive",0,4,"1","d4","A",-0.0361051411995115,"A","A=1",0
"74",19,1,0,"11",1,1,0,1,0.1,0.5,0.2,0.5,0.005,0.25,19,"disjunctive",0,4,"1","d4","Au=1",-0.136455770811926,"Au","Au=1",0.25
"75",19,1,0,"11",1,1,0,1,0.1,0.5,0.2,0.5,0.005,0.25,19,"disjunctive",0,4,"1","d4","B",0.467746388128473,"B","B=0",0
"76",19,1,0,"11",1,1,0,1,0.1,0.5,0.2,0.5,0.005,0.25,19,"disjunctive",0,4,"1","d4","Bu=1",-0.780234882715789,"Bu","Bu=1",0.25
"77",20,1,0,"11",1,1,1,1,0.1,0.5,0.2,0.5,0.005,0.25,20,"disjunctive",0.5,5,"1","d5","A",0.0348705067113246,"A","A=1",0
"78",20,1,0,"11",1,1,1,1,0.1,0.5,0.2,0.5,0.005,0.25,20,"disjunctive",0.5,5,"1","d5","Au=1",0.13722215023071,"Au","Au=1",0.25
"79",20,1,0,"11",1,1,1,1,0.1,0.5,0.2,0.5,0.005,0.25,20,"disjunctive",0.5,5,"1","d5","B",-0.467093910748679,"B","B=0",0
"80",20,1,0,"11",1,1,1,1,0.1,0.5,0.2,0.5,0.005,0.25,20,"disjunctive",0.5,5,"1","d5","Bu=1",0.780557342298886,"Bu","Bu=1",0.25
"81",21,1,1,"00",0,0,0,0,0.1,0.5,0.8,0.5,0.02,0.25,21,"disjunctive",1,6,"1","d6","A",-0.755661047658232,"A","A=1",0
"82",21,1,1,"00",0,0,0,0,0.1,0.5,0.8,0.5,0.02,0.25,21,"disjunctive",1,6,"1","d6","Au=0",0.521672132844056,"Au","Au=0",0.75
"83",21,1,1,"00",0,0,0,0,0.1,0.5,0.8,0.5,0.02,0.25,21,"disjunctive",1,6,"1","d6","B",-0.0493349050130202,"B","B=1",0
"84",21,1,1,"00",0,0,0,0,0.1,0.5,0.8,0.5,0.02,0.25,21,"disjunctive",1,6,"1","d6","Bu=0",0.0678576073695447,"Bu","Bu=0",0.75
"85",22,1,1,"00",0,0,1,0,0.1,0.5,0.8,0.5,0.02,0.25,22,"disjunctive",0,7,"1","d7","A",0.755125995226963,"A","A=1",0
"86",22,1,1,"00",0,0,1,0,0.1,0.5,0.8,0.5,0.02,0.25,22,"disjunctive",0,7,"1","d7","Au=0",-0.521349600946058,"Au","Au=0",0.25
"87",22,1,1,"00",0,0,1,0,0.1,0.5,0.8,0.5,0.02,0.25,22,"disjunctive",0,7,"1","d7","B",0.0510496926637062,"B","B=1",0
"88",22,1,1,"00",0,0,1,0,0.1,0.5,0.8,0.5,0.02,0.25,22,"disjunctive",0,7,"1","d7","Bu=0",-0.0667941285225935,"Bu","Bu=0",0.25
"89",23,1,1,"01",0,1,0,1,0.1,0.5,0.8,0.5,0.02,0.25,23,"disjunctive",0,6,"1","d6","A",-0.653996359911627,"A","A=1",0
"90",23,1,1,"01",0,1,0,1,0.1,0.5,0.8,0.5,0.02,0.25,23,"disjunctive",0,6,"1","d6","Au=0",0.45260278549674,"Au","Au=0",0.25
"91",23,1,1,"01",0,1,0,1,0.1,0.5,0.8,0.5,0.02,0.25,23,"disjunctive",0,6,"1","d6","B",-0.300481989903249,"B","B=1",0
"92",23,1,1,"01",0,1,0,1,0.1,0.5,0.8,0.5,0.02,0.25,23,"disjunctive",0,6,"1","d6","Bu=1",-0.0719092925104831,"Bu","Bu=1",0.25
"93",24,1,1,"01",0,1,1,1,0.1,0.5,0.8,0.5,0.02,0.25,24,"disjunctive",0.333333333333333,7,"1","d7","A",0.654184180924573,"A","A=1",0
"94",24,1,1,"01",0,1,1,1,0.1,0.5,0.8,0.5,0.02,0.25,24,"disjunctive",0.333333333333333,7,"1","d7","Au=0",-0.45256720576017,"Au","Au=0",0.083333333333333
"95",24,1,1,"01",0,1,1,1,0.1,0.5,0.8,0.5,0.02,0.25,24,"disjunctive",0.333333333333333,7,"1","d7","B",0.299358901859602,"B","B=1",0
"96",24,1,1,"01",0,1,1,1,0.1,0.5,0.8,0.5,0.02,0.25,24,"disjunctive",0.333333333333333,7,"1","d7","Bu=1",0.0703048056255035,"Bu","Bu=1",0.083333333333333
"97",25,1,1,"10",1,0,0,1,0.1,0.5,0.8,0.5,0.02,0.25,25,"disjunctive",0,6,"1","d6","A",-0.689838232214896,"A","A=1",0
"98",25,1,1,"10",1,0,0,1,0.1,0.5,0.8,0.5,0.02,0.25,25,"disjunctive",0,6,"1","d6","Au=1",-0.477972418550927,"Au","Au=1",0.25
"99",25,1,1,"10",1,0,0,1,0.1,0.5,0.8,0.5,0.02,0.25,25,"disjunctive",0,6,"1","d6","B",-0.0285822718428407,"B","B=1",0
"100",25,1,1,"10",1,0,0,1,0.1,0.5,0.8,0.5,0.02,0.25,25,"disjunctive",0,6,"1","d6","Bu=0",0.272800142868374,"Bu","Bu=0",0.25
"101",26,1,1,"10",1,0,1,1,0.1,0.5,0.8,0.5,0.02,0.25,26,"disjunctive",0.333333333333333,7,"1","d7","A",0.692348034071572,"A","A=1",0
"102",26,1,1,"10",1,0,1,1,0.1,0.5,0.8,0.5,0.02,0.25,26,"disjunctive",0.333333333333333,7,"1","d7","Au=1",0.477490961460648,"Au","Au=1",0.083333333333333
"103",26,1,1,"10",1,0,1,1,0.1,0.5,0.8,0.5,0.02,0.25,26,"disjunctive",0.333333333333333,7,"1","d7","B",0.0279531310506384,"B","B=1",0
"104",26,1,1,"10",1,0,1,1,0.1,0.5,0.8,0.5,0.02,0.25,26,"disjunctive",0.333333333333333,7,"1","d7","Bu=0",-0.271442728804646,"Bu","Bu=0",0.083333333333333
"105",27,1,1,"11",1,1,0,1,0.1,0.5,0.8,0.5,0.02,0.25,27,"disjunctive",0,6,"1","d6","A",-0.285130815056224,"A","A=1",0
"106",27,1,1,"11",1,1,0,1,0.1,0.5,0.8,0.5,0.02,0.25,27,"disjunctive",0,6,"1","d6","Au=1",-0.198757858441042,"Au","Au=1",0.25
"107",27,1,1,"11",1,1,0,1,0.1,0.5,0.8,0.5,0.02,0.25,27,"disjunctive",0,6,"1","d6","B",-0.287008190555606,"B","B=1",0
"108",27,1,1,"11",1,1,0,1,0.1,0.5,0.8,0.5,0.02,0.25,27,"disjunctive",0,6,"1","d6","Bu=1",-0.480739824319124,"Bu","Bu=1",0.25
"109",28,1,1,"11",1,1,1,1,0.1,0.5,0.8,0.5,0.02,0.25,28,"disjunctive",0.333333333333333,7,"1","d7","A",0.285285753016578,"A","A=1",0
"110",28,1,1,"11",1,1,1,1,0.1,0.5,0.8,0.5,0.02,0.25,28,"disjunctive",0.333333333333333,7,"1","d7","Au=1",0.199072202236922,"Au","Au=1",0.083333333333333
"111",28,1,1,"11",1,1,1,1,0.1,0.5,0.8,0.5,0.02,0.25,28,"disjunctive",0.333333333333333,7,"1","d7","B",0.289253476036528,"B","B=1",0
"112",28,1,1,"11",1,1,1,1,0.1,0.5,0.8,0.5,0.02,0.25,28,"disjunctive",0.333333333333333,7,"1","d7","Bu=1",0.478931930007538,"Bu","Bu=1",0.083333333333333
"113",29,0,0,"00",0,0,0,0,0.9,0.5,0.2,0.5,0.045,0.25,1,"conjunctive",0.25,1,"1","c1","A",0.0691313879614656,"A","A=0",0
"114",29,0,0,"00",0,0,0,0,0.9,0.5,0.2,0.5,0.045,0.25,1,"conjunctive",0.25,1,"1","c1","Au=0",0.0289405475994456,"Au","Au=0",0
"115",29,0,0,"00",0,0,0,0,0.9,0.5,0.2,0.5,0.045,0.25,1,"conjunctive",0.25,1,"1","c1","B",0.0215908802063057,"B","B=0",0
"116",29,0,0,"00",0,0,0,0,0.9,0.5,0.2,0.5,0.045,0.25,1,"conjunctive",0.25,1,"1","c1","Bu=0",0.0289305719317753,"Bu","Bu=0",0
"117",30,0,0,"01",0,1,0,0,0.9,0.5,0.2,0.5,0.045,0.25,2,"conjunctive",0.25,1,"1","c1","A",0.168108963227289,"A","A=0",0
"118",30,0,0,"01",0,1,0,0,0.9,0.5,0.2,0.5,0.045,0.25,2,"conjunctive",0.25,1,"1","c1","Au=0",0.0702589291851033,"Au","Au=0",0
"119",30,0,0,"01",0,1,0,0,0.9,0.5,0.2,0.5,0.045,0.25,2,"conjunctive",0.25,1,"1","c1","B",0.0524784839026967,"B","B=0",0
"120",30,0,0,"01",0,1,0,0,0.9,0.5,0.2,0.5,0.045,0.25,2,"conjunctive",0.25,1,"1","c1","Bu=1",-0.0124001439310914,"Bu","Bu=1",0
"121",31,0,0,"10",1,0,0,0,0.9,0.5,0.2,0.5,0.045,0.25,3,"conjunctive",0.25,1,"1","c1","A",0.138122555716871,"A","A=0",0
"122",31,0,0,"10",1,0,0,0,0.9,0.5,0.2,0.5,0.045,0.25,3,"conjunctive",0.25,1,"1","c1","Au=1",-0.057814828126536,"Au","Au=1",0
"123",31,0,0,"10",1,0,0,0,0.9,0.5,0.2,0.5,0.045,0.25,3,"conjunctive",0.25,1,"1","c1","B",0.00613368593413498,"B","B=0",0
"124",31,0,0,"10",1,0,0,0,0.9,0.5,0.2,0.5,0.045,0.25,3,"conjunctive",0.25,1,"1","c1","Bu=0",0.0579184722877595,"Bu","Bu=0",0
"125",32,0,0,"11",1,1,0,0,0.9,0.5,0.2,0.5,0.045,0.25,4,"conjunctive",0.25,1,"1","c1","A",0.341194573869508,"A","A=0",0
"126",32,0,0,"11",1,1,0,0,0.9,0.5,0.2,0.5,0.045,0.25,4,"conjunctive",0.25,1,"1","c1","Au=1",-0.14321542605088,"Au","Au=1",0
"127",32,0,0,"11",1,1,0,0,0.9,0.5,0.2,0.5,0.045,0.25,4,"conjunctive",0.25,1,"1","c1","B",0.0151725040024046,"B","B=0",0
"128",32,0,0,"11",1,1,0,0,0.9,0.5,0.2,0.5,0.045,0.25,4,"conjunctive",0.25,1,"1","c1","Bu=1",-0.0252296481249447,"Bu","Bu=1",0
"129",33,0,1,"00",0,0,0,0,0.9,0.5,0.8,0.5,0.18,0.25,5,"conjunctive",0.25,2,"1","c2","A",0.170989263171216,"A","A=0",0
"130",33,0,1,"00",0,0,0,0,0.9,0.5,0.8,0.5,0.18,0.25,5,"conjunctive",0.25,2,"1","c2","Au=0",0.0126435363182614,"Au","Au=0",0
"131",33,0,1,"00",0,0,0,0,0.9,0.5,0.8,0.5,0.18,0.25,5,"conjunctive",0.25,2,"1","c2","B",-0.053559966083707,"B","B=1",0
"132",33,0,1,"00",0,0,0,0,0.9,0.5,0.8,0.5,0.18,0.25,5,"conjunctive",0.25,2,"1","c2","Bu=0",0.0714732523416557,"Bu","Bu=0",0
"133",34,0,1,"01",0,1,0,0,0.9,0.5,0.8,0.5,0.18,0.25,6,"conjunctive",0.25,2,"1","c2","A",0.41616045782615,"A","A=0",0
"134",34,0,1,"01",0,1,0,0,0.9,0.5,0.8,0.5,0.18,0.25,6,"conjunctive",0.25,2,"1","c2","Au=0",0.030761771378519,"Au","Au=0",0
"135",34,0,1,"01",0,1,0,0,0.9,0.5,0.8,0.5,0.18,0.25,6,"conjunctive",0.25,2,"1","c2","B",-0.130505965196752,"B","B=1",0
"136",34,0,1,"01",0,1,0,0,0.9,0.5,0.8,0.5,0.18,0.25,6,"conjunctive",0.25,2,"1","c2","Bu=1",-0.0307938592093164,"Bu","Bu=1",0
"137",35,0,1,"10",1,0,0,0,0.9,0.5,0.8,0.5,0.18,0.25,7,"conjunctive",0.25,2,"1","c2","A",0.341234807080041,"A","A=0",0
"138",35,0,1,"10",1,0,0,0,0.9,0.5,0.8,0.5,0.18,0.25,7,"conjunctive",0.25,2,"1","c2","Au=1",-0.0252762653576405,"Au","Au=1",0
"139",35,0,1,"10",1,0,0,0,0.9,0.5,0.8,0.5,0.18,0.25,7,"conjunctive",0.25,2,"1","c2","B",-0.0152006047972355,"B","B=1",0
"140",35,0,1,"10",1,0,0,0,0.9,0.5,0.8,0.5,0.18,0.25,7,"conjunctive",0.25,2,"1","c2","Bu=0",0.143329897445653,"Bu","Bu=0",0
"141",36,0,1,"11",1,1,0,0,0.9,0.5,0.8,0.5,0.18,0.25,8,"conjunctive",0.25,2,"1","c2","A",0.819421635238125,"A","A=0",0
"142",36,0,1,"11",1,1,0,0,0.9,0.5,0.8,0.5,0.18,0.25,8,"conjunctive",0.25,2,"1","c2","Au=1",-0.0602113098138781,"Au","Au=1",0
"143",36,0,1,"11",1,1,0,0,0.9,0.5,0.8,0.5,0.18,0.25,8,"conjunctive",0.25,2,"1","c2","B",-0.0362202340121839,"B","B=1",0
"144",36,0,1,"11",1,1,0,0,0.9,0.5,0.8,0.5,0.18,0.25,8,"conjunctive",0.25,2,"1","c2","Bu=1",-0.0601513881518261,"Bu","Bu=1",0
"145",37,1,0,"00",0,0,0,0,0.1,0.5,0.2,0.5,0.005,0.25,9,"conjunctive",0.25,3,"1","c3","A",-0.0388013891168865,"A","A=1",0
"146",37,1,0,"00",0,0,0,0,0.1,0.5,0.2,0.5,0.005,0.25,9,"conjunctive",0.25,3,"1","c3","Au=0",0.151965407897481,"Au","Au=0",0
"147",37,1,0,"00",0,0,0,0,0.1,0.5,0.2,0.5,0.005,0.25,9,"conjunctive",0.25,3,"1","c3","B",0.113777020170869,"B","B=0",0
"148",37,1,0,"00",0,0,0,0,0.1,0.5,0.2,0.5,0.005,0.25,9,"conjunctive",0.25,3,"1","c3","Bu=0",0.152190958046692,"Bu","Bu=0",0
"149",38,1,0,"01",0,1,0,0,0.1,0.5,0.2,0.5,0.005,0.25,10,"conjunctive",0.25,3,"1","c3","A",-0.091989918440685,"A","A=1",0
"150",38,1,0,"01",0,1,0,0,0.1,0.5,0.2,0.5,0.005,0.25,10,"conjunctive",0.25,3,"1","c3","Au=0",0.359709633296959,"Au","Au=0",0
"151",38,1,0,"01",0,1,0,0,0.1,0.5,0.2,0.5,0.005,0.25,10,"conjunctive",0.25,3,"1","c3","B",0.268847909877839,"B","B=0",0
"152",38,1,0,"01",0,1,0,0,0.1,0.5,0.2,0.5,0.005,0.25,10,"conjunctive",0.25,3,"1","c3","Bu=1",-0.0633168505917023,"Bu","Bu=1",0
"153",39,1,0,"10",1,0,0,0,0.1,0.5,0.2,0.5,0.005,0.25,11,"conjunctive",0.25,3,"1","c3","A",-0.0760909589070148,"A","A=1",0
"154",39,1,0,"10",1,0,0,0,0.1,0.5,0.2,0.5,0.005,0.25,11,"conjunctive",0.25,3,"1","c3","Au=1",-0.298789484643018,"Au","Au=1",0
"155",39,1,0,"10",1,0,0,0,0.1,0.5,0.2,0.5,0.005,0.25,11,"conjunctive",0.25,3,"1","c3","B",0.0316978334401452,"B","B=0",0
"156",39,1,0,"10",1,0,0,0,0.1,0.5,0.2,0.5,0.005,0.25,11,"conjunctive",0.25,3,"1","c3","Bu=0",0.297663188493125,"Bu","Bu=0",0
"157",40,1,0,"11",1,1,0,0,0.1,0.5,0.2,0.5,0.005,0.25,12,"conjunctive",0.25,3,"1","c3","A",-0.188396856613488,"A","A=1",0
"158",40,1,0,"11",1,1,0,0,0.1,0.5,0.2,0.5,0.005,0.25,12,"conjunctive",0.25,3,"1","c3","Au=1",-0.737811116649197,"Au","Au=1",0
"159",40,1,0,"11",1,1,0,0,0.1,0.5,0.2,0.5,0.005,0.25,12,"conjunctive",0.25,3,"1","c3","B",0.0784772275054778,"B","B=0",0
"160",40,1,0,"11",1,1,0,0,0.1,0.5,0.2,0.5,0.005,0.25,12,"conjunctive",0.25,3,"1","c3","Bu=1",-0.130380350189009,"Bu","Bu=1",0
"161",41,1,1,"00",0,0,0,0,0.1,0.5,0.8,0.5,0.02,0.25,13,"conjunctive",0.333333333333333,4,"1","c4","A",-0.0918567253221567,"A","A=1",0
"162",41,1,1,"00",0,0,0,0,0.1,0.5,0.8,0.5,0.02,0.25,13,"conjunctive",0.333333333333333,4,"1","c4","Au=0",0.0636421103919582,"Au","Au=0",0.083333333333333
"163",41,1,1,"00",0,0,0,0,0.1,0.5,0.8,0.5,0.02,0.25,13,"conjunctive",0.333333333333333,4,"1","c4","B",-0.268324933388435,"B","B=1",0
"164",41,1,1,"00",0,0,0,0,0.1,0.5,0.8,0.5,0.02,0.25,13,"conjunctive",0.333333333333333,4,"1","c4","Bu=0",0.358851535376515,"Bu","Bu=0",0.083333333333333
"165",42,1,1,"00",0,0,1,0,0.1,0.5,0.8,0.5,0.02,0.25,14,"conjunctive",0,5,"1","c5","A",0.0920881927246571,"A","A=1",0
"166",42,1,1,"00",0,0,1,0,0.1,0.5,0.8,0.5,0.02,0.25,14,"conjunctive",0,5,"1","c5","Au=0",-0.0635330726174459,"Au","Au=0",0.25
"167",42,1,1,"00",0,0,1,0,0.1,0.5,0.8,0.5,0.02,0.25,14,"conjunctive",0,5,"1","c5","B",0.269411425823994,"B","B=1",0
"168",42,1,1,"00",0,0,1,0,0.1,0.5,0.8,0.5,0.02,0.25,14,"conjunctive",0,5,"1","c5","Bu=0",-0.360206437934512,"Bu","Bu=0",0.25
"169",43,1,1,"01",0,1,0,0,0.1,0.5,0.8,0.5,0.02,0.25,15,"conjunctive",0.333333333333333,4,"1","c4","A",-0.231806001175833,"A","A=1",0
"170",43,1,1,"01",0,1,0,0,0.1,0.5,0.8,0.5,0.02,0.25,15,"conjunctive",0.333333333333333,4,"1","c4","Au=0",0.160289451502744,"Au","Au=0",0.083333333333333
"171",43,1,1,"01",0,1,0,0,0.1,0.5,0.8,0.5,0.02,0.25,15,"conjunctive",0.333333333333333,4,"1","c4","B",-0.677455845255304,"B","B=1",0
"172",43,1,1,"01",0,1,0,0,0.1,0.5,0.8,0.5,0.02,0.25,15,"conjunctive",0.333333333333333,4,"1","c4","Bu=1",-0.160107919594621,"Bu","Bu=1",0.083333333333333
"173",44,1,1,"01",0,1,1,0,0.1,0.5,0.8,0.5,0.02,0.25,16,"conjunctive",0,5,"1","c5","A",0.2320427764117,"A","A=1",0
"174",44,1,1,"01",0,1,1,0,0.1,0.5,0.8,0.5,0.02,0.25,16,"conjunctive",0,5,"1","c5","Au=0",-0.159672026340804,"Au","Au=0",0.25
"175",44,1,1,"01",0,1,1,0,0.1,0.5,0.8,0.5,0.02,0.25,16,"conjunctive",0,5,"1","c5","B",0.677167090750725,"B","B=1",0
"176",44,1,1,"01",0,1,1,0,0.1,0.5,0.8,0.5,0.02,0.25,16,"conjunctive",0,5,"1","c5","Bu=1",0.159997008101128,"Bu","Bu=1",0.25
"177",45,1,1,"10",1,0,0,0,0.1,0.5,0.8,0.5,0.02,0.25,17,"conjunctive",0.333333333333333,4,"1","c4","A",-0.188297767587272,"A","A=1",0
"178",45,1,1,"10",1,0,0,0,0.1,0.5,0.8,0.5,0.02,0.25,17,"conjunctive",0.333333333333333,4,"1","c4","Au=1",-0.130512918217691,"Au","Au=1",0.083333333333333
"179",45,1,1,"10",1,0,0,0,0.1,0.5,0.8,0.5,0.02,0.25,17,"conjunctive",0.333333333333333,4,"1","c4","B",-0.0781940889994744,"B","B=1",0
"180",45,1,1,"10",1,0,0,0,0.1,0.5,0.8,0.5,0.02,0.25,17,"conjunctive",0.333333333333333,4,"1","c4","Bu=0",0.737561353619326,"Bu","Bu=0",0.083333333333333
"181",46,1,1,"10",1,0,1,0,0.1,0.5,0.8,0.5,0.02,0.25,18,"conjunctive",0,5,"1","c5","A",0.188266765275638,"A","A=1",0
"182",46,1,1,"10",1,0,1,0,0.1,0.5,0.8,0.5,0.02,0.25,18,"conjunctive",0,5,"1","c5","Au=1",0.129880287146165,"Au","Au=1",0.25
"183",46,1,1,"10",1,0,1,0,0.1,0.5,0.8,0.5,0.02,0.25,18,"conjunctive",0,5,"1","c5","B",0.0782365369812371,"B","B=1",0
"184",46,1,1,"10",1,0,1,0,0.1,0.5,0.8,0.5,0.02,0.25,18,"conjunctive",0,5,"1","c5","Bu=0",-0.736578273374008,"Bu","Bu=0",0.25
"185",47,1,1,"11",1,1,0,1,0.1,0.5,0.8,0.5,0.02,0.25,19,"conjunctive",0,4,"1","c4","A",-0.603959768943676,"A","A=1",0
"186",47,1,1,"11",1,1,0,1,0.1,0.5,0.8,0.5,0.02,0.25,19,"conjunctive",0,4,"1","c4","Au=1",-0.416660466926878,"Au","Au=1",0.25
"187",47,1,1,"11",1,1,0,1,0.1,0.5,0.8,0.5,0.02,0.25,19,"conjunctive",0,4,"1","c4","B",-0.251174366441228,"B","B=1",0
"188",47,1,1,"11",1,1,0,1,0.1,0.5,0.8,0.5,0.02,0.25,19,"conjunctive",0,4,"1","c4","Bu=1",-0.416244437797152,"Bu","Bu=1",0.25
"189",48,1,1,"11",1,1,1,1,0.1,0.5,0.8,0.5,0.02,0.25,20,"conjunctive",1,5,"1","c5","A",0.60223901852367,"A","A=1",0
"190",48,1,1,"11",1,1,1,1,0.1,0.5,0.8,0.5,0.02,0.25,20,"conjunctive",1,5,"1","c5","Au=1",0.416018186661129,"Au","Au=1",0.75
"191",48,1,1,"11",1,1,1,1,0.1,0.5,0.8,0.5,0.02,0.25,20,"conjunctive",1,5,"1","c5","B",0.250978076189876,"B","B=1",0
"192",48,1,1,"11",1,1,1,1,0.1,0.5,0.8,0.5,0.02,0.25,20,"conjunctive",1,5,"1","c5","Bu=1",0.41581278085761,"Bu","Bu=1",0.75
"193",481,0,0,"00",0,0,0,0,0.5,0.9,0.5,0.2,0.045,0.18,1,"disjunctive",0.18,1,"2","d1","A",0.0533058218236086,"A","A=0",0
"194",481,0,0,"00",0,0,0,0,0.5,0.9,0.5,0.2,0.045,0.18,1,"disjunctive",0.18,1,"2","d1","Au=0",0.125000367720591,"Au","Au=0",0
"195",481,0,0,"00",0,0,0,0,0.5,0.9,0.5,0.2,0.045,0.18,1,"disjunctive",0.18,1,"2","d1","B",0.433153683580143,"B","B=0",0
"196",481,0,0,"00",0,0,0,0,0.5,0.9,0.5,0.2,0.045,0.18,1,"disjunctive",0.18,1,"2","d1","Bu=0",0.32469161750113,"Bu","Bu=0",0
"197",482,0,0,"01",0,1,0,0,0.5,0.9,0.5,0.8,0.18,0.72,2,"disjunctive",0.72,1,"2","d1","A",0.0258558305899557,"A","A=0",0
"198",482,0,0,"01",0,1,0,0,0.5,0.9,0.5,0.8,0.18,0.72,2,"disjunctive",0.72,1,"2","d1","Au=0",0.0631216847952217,"Au","Au=0",0
"199",482,0,0,"01",0,1,0,0,0.5,0.9,0.5,0.8,0.18,0.72,2,"disjunctive",0.72,1,"2","d1","B",0.950322009091286,"B","B=0",0
"200",482,0,0,"01",0,1,0,0,0.5,0.9,0.5,0.8,0.18,0.72,2,"disjunctive",0.72,1,"2","d1","Bu=1",-0.100407942880189,"Bu","Bu=1",0
"201",483,0,0,"10",1,0,0,0,0.5,0.1,0.5,0.2,0.005,0.02,3,"disjunctive",0.02,1,"2","d1","A",0.0202994678245937,"A","A=0",0
"202",483,0,0,"10",1,0,0,0,0.5,0.1,0.5,0.2,0.005,0.02,3,"disjunctive",0.02,1,"2","d1","Au=1",-0.0503251158168145,"Au","Au=1",0
"203",483,0,0,"10",1,0,0,0,0.5,0.1,0.5,0.2,0.005,0.02,3,"disjunctive",0.02,1,"2","d1","B",0.210094965219817,"B","B=0",0
"204",483,0,0,"10",1,0,0,0,0.5,0.1,0.5,0.2,0.005,0.02,3,"disjunctive",0.02,1,"2","d1","Bu=0",0.891197482588391,"Bu","Bu=0",0
"205",484,0,0,"11",1,1,0,0,0.5,0.1,0.5,0.8,0.02,0.08,4,"disjunctive",0.08,1,"2","d1","A",0.00636708886788296,"A","A=0",0
"206",484,0,0,"11",1,1,0,0,0.5,0.1,0.5,0.8,0.02,0.08,4,"disjunctive",0.08,1,"2","d1","Au=1",-0.0137740113388064,"Au","Au=1",0
"207",484,0,0,"11",1,1,0,0,0.5,0.1,0.5,0.8,0.02,0.08,4,"disjunctive",0.08,1,"2","d1","B",0.834352799005491,"B","B=0",0
"208",484,0,0,"11",1,1,0,0,0.5,0.1,0.5,0.8,0.02,0.08,4,"disjunctive",0.08,1,"2","d1","Bu=1",-0.503306637216157,"Bu","Bu=1",0
"209",485,0,1,"00",0,0,0,0,0.5,0.9,0.5,0.2,0.045,0.18,5,"disjunctive",0.9,2,"2","d2","A",0.721380725730293,"A","A=0",0
"210",485,0,1,"00",0,0,0,0,0.5,0.9,0.5,0.2,0.045,0.18,5,"disjunctive",0.9,2,"2","d2","Au=0",0.184754054136179,"Au","Au=0",0.72
"211",485,0,1,"00",0,0,0,0,0.5,0.9,0.5,0.2,0.045,0.18,5,"disjunctive",0.9,2,"2","d2","B",-0.218519706242703,"B","B=1",0
"212",485,0,1,"00",0,0,0,0,0.5,0.9,0.5,0.2,0.045,0.18,5,"disjunctive",0.9,2,"2","d2","Bu=0",0.163462057619108,"Bu","Bu=0",0.72
"213",486,0,1,"00",0,0,1,0,0.5,0.9,0.5,0.2,0.045,0.18,6,"disjunctive",0,3,"2","d3","A",-0.721050657135738,"A","A=0",0
"214",486,0,1,"00",0,0,1,0,0.5,0.9,0.5,0.2,0.045,0.18,6,"disjunctive",0,3,"2","d3","Au=0",-0.184827705379436,"Au","Au=0",0.18
"215",486,0,1,"00",0,0,1,0,0.5,0.9,0.5,0.2,0.045,0.18,6,"disjunctive",0,3,"2","d3","B",0.219510979205947,"B","B=1",0
"216",486,0,1,"00",0,0,1,0,0.5,0.9,0.5,0.2,0.045,0.18,6,"disjunctive",0,3,"2","d3","Bu=0",-0.164019828620785,"Bu","Bu=0",0.18
"217",487,0,1,"01",0,1,0,1,0.5,0.9,0.5,0.8,0.18,0.72,7,"disjunctive",0,2,"2","d2","A",0.529387802978035,"A","A=0",0
"218",487,0,1,"01",0,1,0,1,0.5,0.9,0.5,0.8,0.18,0.72,7,"disjunctive",0,2,"2","d2","Au=0",0.134597630453975,"Au","Au=0",0.72
"219",487,0,1,"01",0,1,0,1,0.5,0.9,0.5,0.8,0.18,0.72,7,"disjunctive",0,2,"2","d2","B",-0.703912006835207,"B","B=1",0
"220",487,0,1,"01",0,1,0,1,0.5,0.9,0.5,0.8,0.18,0.72,7,"disjunctive",0,2,"2","d2","Bu=1",-0.0748415481445314,"Bu","Bu=1",0.72
"221",488,0,1,"01",0,1,1,1,0.5,0.9,0.5,0.8,0.18,0.72,8,"disjunctive",0.9,3,"2","d3","A",-0.529346226541893,"A","A=0",0
"222",488,0,1,"01",0,1,1,1,0.5,0.9,0.5,0.8,0.18,0.72,8,"disjunctive",0.9,3,"2","d3","Au=0",-0.134550645967583,"Au","Au=0",0.18
"223",488,0,1,"01",0,1,1,1,0.5,0.9,0.5,0.8,0.18,0.72,8,"disjunctive",0.9,3,"2","d3","B",0.703843043480221,"B","B=1",0
"224",488,0,1,"01",0,1,1,1,0.5,0.9,0.5,0.8,0.18,0.72,8,"disjunctive",0.9,3,"2","d3","Bu=1",0.074993299598102,"Bu","Bu=1",0.18
"225",489,0,1,"10",1,0,0,0,0.5,0.1,0.5,0.2,0.005,0.02,9,"disjunctive",0.1,2,"2","d2","A",0.455616296903272,"A","A=0",0
"226",489,0,1,"10",1,0,0,0,0.5,0.1,0.5,0.2,0.005,0.02,9,"disjunctive",0.1,2,"2","d2","Au=1",-0.114927654597846,"Au","Au=1",0.08
"227",489,0,1,"10",1,0,0,0,0.5,0.1,0.5,0.2,0.005,0.02,9,"disjunctive",0.1,2,"2","d2","B",-0.168105586796558,"B","B=1",0
"228",489,0,1,"10",1,0,0,0,0.5,0.1,0.5,0.2,0.005,0.02,9,"disjunctive",0.1,2,"2","d2","Bu=0",0.713275402858872,"Bu","Bu=0",0.08
"229",490,0,1,"10",1,0,1,0,0.5,0.1,0.5,0.2,0.005,0.02,10,"disjunctive",0,3,"2","d3","A",-0.455587951651743,"A","A=0",0
"230",490,0,1,"10",1,0,1,0,0.5,0.1,0.5,0.2,0.005,0.02,10,"disjunctive",0,3,"2","d3","Au=1",0.116909420673919,"Au","Au=1",0.02
"231",490,0,1,"10",1,0,1,0,0.5,0.1,0.5,0.2,0.005,0.02,10,"disjunctive",0,3,"2","d3","B",0.16962220581187,"B","B=1",0
"232",490,0,1,"10",1,0,1,0,0.5,0.1,0.5,0.2,0.005,0.02,10,"disjunctive",0,3,"2","d3","Bu=0",-0.711742620978495,"Bu","Bu=0",0.02
"233",491,0,1,"11",1,1,0,1,0.5,0.1,0.5,0.8,0.02,0.08,11,"disjunctive",0,2,"2","d2","A",0.135739718406394,"A","A=0",0
"234",491,0,1,"11",1,1,0,1,0.5,0.1,0.5,0.8,0.02,0.08,11,"disjunctive",0,2,"2","d2","Au=1",-0.0353752215498475,"Au","Au=1",0.08
"235",491,0,1,"11",1,1,0,1,0.5,0.1,0.5,0.8,0.02,0.08,11,"disjunctive",0,2,"2","d2","B",-0.779449532168344,"B","B=1",0
"236",491,0,1,"11",1,1,0,1,0.5,0.1,0.5,0.8,0.02,0.08,11,"disjunctive",0,2,"2","d2","Bu=1",-0.46863687932584,"Bu","Bu=1",0.08
"237",492,0,1,"11",1,1,1,1,0.5,0.1,0.5,0.8,0.02,0.08,12,"disjunctive",0.1,3,"2","d3","A",-0.13586779232968,"A","A=0",0
"238",492,0,1,"11",1,1,1,1,0.5,0.1,0.5,0.8,0.02,0.08,12,"disjunctive",0.1,3,"2","d3","Au=1",0.035548244272779,"Au","Au=1",0.02
"239",492,0,1,"11",1,1,1,1,0.5,0.1,0.5,0.8,0.02,0.08,12,"disjunctive",0.1,3,"2","d3","B",0.78151123944058,"B","B=1",0
"240",492,0,1,"11",1,1,1,1,0.5,0.1,0.5,0.8,0.02,0.08,12,"disjunctive",0.1,3,"2","d3","Bu=1",0.4682053039102,"Bu","Bu=1",0.02
"241",493,1,0,"00",0,0,0,0,0.5,0.9,0.5,0.2,0.045,0.18,13,"disjunctive",0.2,4,"2","d4","A",-0.0430172682939113,"A","A=1",0
"242",493,1,0,"00",0,0,0,0,0.5,0.9,0.5,0.2,0.045,0.18,13,"disjunctive",0.2,4,"2","d4","Au=0",0.586511930790044,"Au","Au=0",0.02
"243",493,1,0,"00",0,0,0,0,0.5,0.9,0.5,0.2,0.045,0.18,13,"disjunctive",0.2,4,"2","d4","B",0.351545448171329,"B","B=0",0
"244",493,1,0,"00",0,0,0,0,0.5,0.9,0.5,0.2,0.045,0.18,13,"disjunctive",0.2,4,"2","d4","Bu=0",0.262717823698546,"Bu","Bu=0",0.02
"245",494,1,0,"00",0,0,1,0,0.5,0.9,0.5,0.2,0.045,0.18,14,"disjunctive",0,5,"2","d5","A",0.0433579896532499,"A","A=1",0
"246",494,1,0,"00",0,0,1,0,0.5,0.9,0.5,0.2,0.045,0.18,14,"disjunctive",0,5,"2","d5","Au=0",-0.587920467454686,"Au","Au=0",0.18
"247",494,1,0,"00",0,0,1,0,0.5,0.9,0.5,0.2,0.045,0.18,14,"disjunctive",0,5,"2","d5","B",-0.349211735752727,"B","B=0",0
"248",494,1,0,"00",0,0,1,0,0.5,0.9,0.5,0.2,0.045,0.18,14,"disjunctive",0,5,"2","d5","Bu=0",-0.26092296905639,"Bu","Bu=0",0.18
"249",495,1,0,"01",0,1,0,0,0.5,0.9,0.5,0.8,0.18,0.72,15,"disjunctive",0.8,4,"2","d4","A",-0.0237131605518939,"A","A=1",0
"250",495,1,0,"01",0,1,0,0,0.5,0.9,0.5,0.8,0.18,0.72,15,"disjunctive",0.8,4,"2","d4","Au=0",0.335692066588382,"Au","Au=0",0.0800000000000001
"251",495,1,0,"01",0,1,0,0,0.5,0.9,0.5,0.8,0.18,0.72,15,"disjunctive",0.8,4,"2","d4","B",0.886261443106949,"B","B=0",0
"252",495,1,0,"01",0,1,0,0,0.5,0.9,0.5,0.8,0.18,0.72,15,"disjunctive",0.8,4,"2","d4","Bu=1",-0.0941619594113692,"Bu","Bu=1",0.0800000000000001
"253",496,1,0,"01",0,1,1,0,0.5,0.9,0.5,0.8,0.18,0.72,16,"disjunctive",0,5,"2","d5","A",0.0239740149181709,"A","A=1",0
"254",496,1,0,"01",0,1,1,0,0.5,0.9,0.5,0.8,0.18,0.72,16,"disjunctive",0,5,"2","d5","Au=0",-0.33621997017107,"Au","Au=0",0.72
"255",496,1,0,"01",0,1,1,0,0.5,0.9,0.5,0.8,0.18,0.72,16,"disjunctive",0,5,"2","d5","B",-0.886128287831122,"B","B=0",0
"256",496,1,0,"01",0,1,1,0,0.5,0.9,0.5,0.8,0.18,0.72,16,"disjunctive",0,5,"2","d5","Bu=1",0.0934625796424497,"Bu","Bu=1",0.72
"257",497,1,0,"10",1,0,0,1,0.5,0.1,0.5,0.2,0.005,0.02,17,"disjunctive",0,4,"2","d4","A",-0.0220207972262492,"A","A=1",0
"258",497,1,0,"10",1,0,0,1,0.5,0.1,0.5,0.2,0.005,0.02,17,"disjunctive",0,4,"2","d4","Au=1",-0.275449537437713,"Au","Au=1",0.02
"259",497,1,0,"10",1,0,0,1,0.5,0.1,0.5,0.2,0.005,0.02,17,"disjunctive",0,4,"2","d4","B",0.200543852836069,"B","B=0",0
"260",497,1,0,"10",1,0,0,1,0.5,0.1,0.5,0.2,0.005,0.02,17,"disjunctive",0,4,"2","d4","Bu=0",0.84895795507383,"Bu","Bu=0",0.02
"261",498,1,0,"10",1,0,1,1,0.5,0.1,0.5,0.2,0.005,0.02,18,"disjunctive",0.2,5,"2","d5","A",0.0217856355981137,"A","A=1",0
"262",498,1,0,"10",1,0,1,1,0.5,0.1,0.5,0.2,0.005,0.02,18,"disjunctive",0.2,5,"2","d5","Au=1",0.27593273881455,"Au","Au=1",0.18
"263",498,1,0,"10",1,0,1,1,0.5,0.1,0.5,0.2,0.005,0.02,18,"disjunctive",0.2,5,"2","d5","B",-0.20010656218826,"B","B=0",0
"264",498,1,0,"10",1,0,1,1,0.5,0.1,0.5,0.2,0.005,0.02,18,"disjunctive",0.2,5,"2","d5","Bu=0",-0.847338917626114,"Bu","Bu=0",0.18
"265",499,1,0,"11",1,1,0,1,0.5,0.1,0.5,0.8,0.02,0.08,19,"disjunctive",0,4,"2","d4","A",-0.00620742286680488,"A","A=1",0
"266",499,1,0,"11",1,1,0,1,0.5,0.1,0.5,0.8,0.02,0.08,19,"disjunctive",0,4,"2","d4","Au=1",-0.0725571028543561,"Au","Au=1",0.08
"267",499,1,0,"11",1,1,0,1,0.5,0.1,0.5,0.8,0.02,0.08,19,"disjunctive",0,4,"2","d4","B",0.823879014474369,"B","B=0",0
"268",499,1,0,"11",1,1,0,1,0.5,0.1,0.5,0.8,0.02,0.08,19,"disjunctive",0,4,"2","d4","Bu=1",-0.496224998035273,"Bu","Bu=1",0.08
"269",500,1,0,"11",1,1,1,1,0.5,0.1,0.5,0.8,0.02,0.08,20,"disjunctive",0.8,5,"2","d5","A",0.00446028958972135,"A","A=1",0
"270",500,1,0,"11",1,1,1,1,0.5,0.1,0.5,0.8,0.02,0.08,20,"disjunctive",0.8,5,"2","d5","Au=1",0.0723012194647756,"Au","Au=1",0.72
"271",500,1,0,"11",1,1,1,1,0.5,0.1,0.5,0.8,0.02,0.08,20,"disjunctive",0.8,5,"2","d5","B",-0.82313230996653,"B","B=0",0
"272",500,1,0,"11",1,1,1,1,0.5,0.1,0.5,0.8,0.02,0.08,20,"disjunctive",0.8,5,"2","d5","Bu=1",0.498000076783261,"Bu","Bu=1",0.72
"273",501,1,1,"00",0,0,0,0,0.5,0.9,0.5,0.2,0.045,0.18,21,"disjunctive",1,6,"2","d6","A",-0.522274088730937,"A","A=1",0
"274",501,1,1,"00",0,0,0,0,0.5,0.9,0.5,0.2,0.045,0.18,21,"disjunctive",1,6,"2","d6","Au=0",0.755201107128661,"Au","Au=0",0.82
"275",501,1,1,"00",0,0,0,0,0.5,0.9,0.5,0.2,0.045,0.18,21,"disjunctive",1,6,"2","d6","B",-0.0677438446450061,"B","B=1",0
"276",501,1,1,"00",0,0,0,0,0.5,0.9,0.5,0.2,0.045,0.18,21,"disjunctive",1,6,"2","d6","Bu=0",0.0500479184823622,"Bu","Bu=0",0.82
"277",502,1,1,"00",0,0,1,0,0.5,0.9,0.5,0.2,0.045,0.18,22,"disjunctive",0,7,"2","d7","A",0.522361625736504,"A","A=1",0
"278",502,1,1,"00",0,0,1,0,0.5,0.9,0.5,0.2,0.045,0.18,22,"disjunctive",0,7,"2","d7","Au=0",-0.755371264652724,"Au","Au=0",0.18
"279",502,1,1,"00",0,0,1,0,0.5,0.9,0.5,0.2,0.045,0.18,22,"disjunctive",0,7,"2","d7","B",0.0669372459402907,"B","B=1",0
"280",502,1,1,"00",0,0,1,0,0.5,0.9,0.5,0.2,0.045,0.18,22,"disjunctive",0,7,"2","d7","Bu=0",-0.050568441503692,"Bu","Bu=0",0.18
"281",503,1,1,"01",0,1,0,1,0.5,0.9,0.5,0.8,0.18,0.72,23,"disjunctive",0,6,"2","d6","A",-0.478133945768172,"A","A=1",0
"282",503,1,1,"01",0,1,0,1,0.5,0.9,0.5,0.8,0.18,0.72,23,"disjunctive",0,6,"2","d6","Au=0",0.689891135105972,"Au","Au=0",0.72
"283",503,1,1,"01",0,1,0,1,0.5,0.9,0.5,0.8,0.18,0.72,23,"disjunctive",0,6,"2","d6","B",-0.272069947459693,"B","B=1",0
"284",503,1,1,"01",0,1,0,1,0.5,0.9,0.5,0.8,0.18,0.72,23,"disjunctive",0,6,"2","d6","Bu=1",-0.0291977290935094,"Bu","Bu=1",0.72
"285",504,1,1,"01",0,1,1,1,0.5,0.9,0.5,0.8,0.18,0.72,24,"disjunctive",0.878048780487805,7,"2","d7","A",0.47878942152868,"A","A=1",0
"286",504,1,1,"01",0,1,1,1,0.5,0.9,0.5,0.8,0.18,0.72,24,"disjunctive",0.878048780487805,7,"2","d7","Au=0",-0.690970600030819,"Au","Au=0",0.158048780487805
"287",504,1,1,"01",0,1,1,1,0.5,0.9,0.5,0.8,0.18,0.72,24,"disjunctive",0.878048780487805,7,"2","d7","B",0.271634474280116,"B","B=1",0
"288",504,1,1,"01",0,1,1,1,0.5,0.9,0.5,0.8,0.18,0.72,24,"disjunctive",0.878048780487805,7,"2","d7","Bu=1",0.0288183569291633,"Bu","Bu=1",0.158048780487805
"289",505,1,1,"10",1,0,0,1,0.5,0.1,0.5,0.2,0.005,0.02,25,"disjunctive",0,6,"2","d6","A",-0.451195049291495,"A","A=1",0
"290",505,1,1,"10",1,0,0,1,0.5,0.1,0.5,0.2,0.005,0.02,25,"disjunctive",0,6,"2","d6","Au=1",-0.65337796533126,"Au","Au=1",0.02
"291",505,1,1,"10",1,0,0,1,0.5,0.1,0.5,0.2,0.005,0.02,25,"disjunctive",0,6,"2","d6","B",-0.0722009894018556,"B","B=1",0
"292",505,1,1,"10",1,0,0,1,0.5,0.1,0.5,0.2,0.005,0.02,25,"disjunctive",0,6,"2","d6","Bu=0",0.300907852825665,"Bu","Bu=0",0.02
"293",506,1,1,"10",1,0,1,1,0.5,0.1,0.5,0.2,0.005,0.02,26,"disjunctive",0.024390243902439,7,"2","d7","A",0.452117404088566,"A","A=1",0
"294",506,1,1,"10",1,0,1,1,0.5,0.1,0.5,0.2,0.005,0.02,26,"disjunctive",0.024390243902439,7,"2","d7","Au=1",0.654989873108212,"Au","Au=1",0.004390243902439
"295",506,1,1,"10",1,0,1,1,0.5,0.1,0.5,0.2,0.005,0.02,26,"disjunctive",0.024390243902439,7,"2","d7","B",0.0704952548335208,"B","B=1",0
"296",506,1,1,"10",1,0,1,1,0.5,0.1,0.5,0.2,0.005,0.02,26,"disjunctive",0.024390243902439,7,"2","d7","Bu=0",-0.300308690436478,"Bu","Bu=0",0.004390243902439
"297",507,1,1,"11",1,1,0,1,0.5,0.1,0.5,0.8,0.02,0.08,27,"disjunctive",0,6,"2","d6","A",-0.195819013761641,"A","A=1",0
"298",507,1,1,"11",1,1,0,1,0.5,0.1,0.5,0.8,0.02,0.08,27,"disjunctive",0,6,"2","d6","Au=1",-0.285920508109331,"Au","Au=1",0.08
"299",507,1,1,"11",1,1,0,1,0.5,0.1,0.5,0.8,0.02,0.08,27,"disjunctive",0,6,"2","d6","B",-0.477970644121025,"B","B=1",0
"300",507,1,1,"11",1,1,0,1,0.5,0.1,0.5,0.8,0.02,0.08,27,"disjunctive",0,6,"2","d6","Bu=1",-0.289405521621457,"Bu","Bu=1",0.08
"301",508,1,1,"11",1,1,1,1,0.5,0.1,0.5,0.8,0.02,0.08,28,"disjunctive",0.0975609756097561,7,"2","d7","A",0.198397697467789,"A","A=1",0
"302",508,1,1,"11",1,1,1,1,0.5,0.1,0.5,0.8,0.02,0.08,28,"disjunctive",0.0975609756097561,7,"2","d7","Au=1",0.284704239990173,"Au","Au=1",0.0175609756097561
"303",508,1,1,"11",1,1,1,1,0.5,0.1,0.5,0.8,0.02,0.08,28,"disjunctive",0.0975609756097561,7,"2","d7","B",0.478032214265927,"B","B=1",0
"304",508,1,1,"11",1,1,1,1,0.5,0.1,0.5,0.8,0.02,0.08,28,"disjunctive",0.0975609756097561,7,"2","d7","Bu=1",0.28897327131108,"Bu","Bu=1",0.0175609756097561
"305",509,0,0,"00",0,0,0,0,0.5,0.9,0.5,0.2,0.045,0.18,1,"conjunctive",0.18,1,"2","c1","A",0.0316731273232396,"A","A=0",0
"306",509,0,0,"00",0,0,0,0,0.5,0.9,0.5,0.2,0.045,0.18,1,"conjunctive",0.18,1,"2","c1","Au=0",0.0754530611278068,"Au","Au=0",0
"307",509,0,0,"00",0,0,0,0,0.5,0.9,0.5,0.2,0.045,0.18,1,"conjunctive",0.18,1,"2","c1","B",0.0316888533135534,"B","B=0",0
"308",509,0,0,"00",0,0,0,0,0.5,0.9,0.5,0.2,0.045,0.18,1,"conjunctive",0.18,1,"2","c1","Bu=0",0.0236853514144286,"Bu","Bu=0",0
"309",510,0,0,"01",0,1,0,0,0.5,0.9,0.5,0.8,0.18,0.72,2,"conjunctive",0.72,1,"2","c1","A",0.0603293941898286,"A","A=0",0
"310",510,0,0,"01",0,1,0,0,0.5,0.9,0.5,0.8,0.18,0.72,2,"conjunctive",0.72,1,"2","c1","Au=0",0.143887585312731,"Au","Au=0",0
"311",510,0,0,"01",0,1,0,0,0.5,0.9,0.5,0.8,0.18,0.72,2,"conjunctive",0.72,1,"2","c1","B",0.0602428129137762,"B","B=0",0
"312",510,0,0,"01",0,1,0,0,0.5,0.9,0.5,0.8,0.18,0.72,2,"conjunctive",0.72,1,"2","c1","Bu=1",-0.00637568054362914,"Bu","Bu=1",0
"313",511,0,0,"10",1,0,0,0,0.5,0.1,0.5,0.2,0.005,0.02,3,"conjunctive",0.02,1,"2","c1","A",0.0722028594705782,"A","A=0",0
"314",511,0,0,"10",1,0,0,0,0.5,0.1,0.5,0.2,0.005,0.02,3,"conjunctive",0.02,1,"2","c1","Au=1",-0.171089946854476,"Au","Au=1",0
"315",511,0,0,"10",1,0,0,0,0.5,0.1,0.5,0.2,0.005,0.02,3,"conjunctive",0.02,1,"2","c1","B",0.0126885381839142,"B","B=0",0
"316",511,0,0,"10",1,0,0,0,0.5,0.1,0.5,0.2,0.005,0.02,3,"conjunctive",0.02,1,"2","c1","Bu=0",0.0538132270707651,"Bu","Bu=0",0
"317",512,0,0,"11",1,1,0,0,0.5,0.1,0.5,0.8,0.02,0.08,4,"conjunctive",0.08,1,"2","c1","A",0.143605401822483,"A","A=0",0
"318",512,0,0,"11",1,1,0,0,0.5,0.1,0.5,0.8,0.02,0.08,4,"conjunctive",0.08,1,"2","c1","Au=1",-0.340018345117116,"Au","Au=1",0
"319",512,0,0,"11",1,1,0,0,0.5,0.1,0.5,0.8,0.02,0.08,4,"conjunctive",0.08,1,"2","c1","B",0.0253126200362553,"B","B=0",0
"320",512,0,0,"11",1,1,0,0,0.5,0.1,0.5,0.8,0.02,0.08,4,"conjunctive",0.08,1,"2","c1","Bu=1",-0.0152855689726139,"Bu","Bu=1",0
"321",513,0,1,"00",0,0,0,0,0.5,0.9,0.5,0.2,0.045,0.18,5,"conjunctive",0.18,2,"2","c2","A",0.149991021961162,"A","A=0",0
"322",513,0,1,"00",0,0,0,0,0.5,0.9,0.5,0.2,0.045,0.18,5,"conjunctive",0.18,2,"2","c2","Au=0",0.0383340603226517,"Au","Au=0",0
"323",513,0,1,"00",0,0,0,0,0.5,0.9,0.5,0.2,0.045,0.18,5,"conjunctive",0.18,2,"2","c2","B",-0.150075063249892,"B","B=1",0
"324",513,0,1,"00",0,0,0,0,0.5,0.9,0.5,0.2,0.045,0.18,5,"conjunctive",0.18,2,"2","c2","Bu=0",0.112374614636799,"Bu","Bu=0",0
"325",514,0,1,"01",0,1,0,0,0.5,0.9,0.5,0.8,0.18,0.72,6,"conjunctive",0.72,2,"2","c2","A",0.298845917621409,"A","A=0",0
"326",514,0,1,"01",0,1,0,0,0.5,0.9,0.5,0.8,0.18,0.72,6,"conjunctive",0.72,2,"2","c2","Au=0",0.0765146448008984,"Au","Au=0",0
"327",514,0,1,"01",0,1,0,0,0.5,0.9,0.5,0.8,0.18,0.72,6,"conjunctive",0.72,2,"2","c2","B",-0.299475927389081,"B","B=1",0
"328",514,0,1,"01",0,1,0,0,0.5,0.9,0.5,0.8,0.18,0.72,6,"conjunctive",0.72,2,"2","c2","Bu=1",-0.0317340886774119,"Bu","Bu=1",0
"329",515,0,1,"10",1,0,0,0,0.5,0.1,0.5,0.2,0.005,0.02,7,"conjunctive",0.02,2,"2","c2","A",0.360315039078435,"A","A=0",0
"330",515,0,1,"10",1,0,0,0,0.5,0.1,0.5,0.2,0.005,0.02,7,"conjunctive",0.02,2,"2","c2","Au=1",-0.0921701726410701,"Au","Au=1",0
"331",515,0,1,"10",1,0,0,0,0.5,0.1,0.5,0.2,0.005,0.02,7,"conjunctive",0.02,2,"2","c2","B",-0.0635003789611596,"B","B=1",0
"332",515,0,1,"10",1,0,0,0,0.5,0.1,0.5,0.2,0.005,0.02,7,"conjunctive",0.02,2,"2","c2","Bu=0",0.269131935414289,"Bu","Bu=0",0
"333",516,0,1,"11",1,1,0,0,0.5,0.1,0.5,0.8,0.02,0.08,8,"conjunctive",0.08,2,"2","c2","A",0.738715665873361,"A","A=0",0
"334",516,0,1,"11",1,1,0,0,0.5,0.1,0.5,0.8,0.02,0.08,8,"conjunctive",0.08,2,"2","c2","Au=1",-0.188232536481716,"Au","Au=1",0
"335",516,0,1,"11",1,1,0,0,0.5,0.1,0.5,0.8,0.02,0.08,8,"conjunctive",0.08,2,"2","c2","B",-0.129634489339211,"B","B=1",0
"336",516,0,1,"11",1,1,0,0,0.5,0.1,0.5,0.8,0.02,0.08,8,"conjunctive",0.08,2,"2","c2","Bu=1",-0.077943673158253,"Bu","Bu=1",0
"337",517,1,0,"00",0,0,0,0,0.5,0.9,0.5,0.2,0.045,0.18,9,"conjunctive",0.18,3,"2","c3","A",-0.0129634039981067,"A","A=1",0
"338",517,1,0,"00",0,0,0,0,0.5,0.9,0.5,0.2,0.045,0.18,9,"conjunctive",0.18,3,"2","c3","Au=0",0.175790598375817,"Au","Au=0",0
"339",517,1,0,"00",0,0,0,0,0.5,0.9,0.5,0.2,0.045,0.18,9,"conjunctive",0.18,3,"2","c3","B",0.0733925844632734,"B","B=0",0
"340",517,1,0,"00",0,0,0,0,0.5,0.9,0.5,0.2,0.045,0.18,9,"conjunctive",0.18,3,"2","c3","Bu=0",0.0548923906401779,"Bu","Bu=0",0
"341",518,1,0,"01",0,1,0,0,0.5,0.9,0.5,0.8,0.18,0.72,10,"conjunctive",0.72,3,"2","c3","A",-0.0252372798030169,"A","A=1",0
"342",518,1,0,"01",0,1,0,0,0.5,0.9,0.5,0.8,0.18,0.72,10,"conjunctive",0.72,3,"2","c3","Au=0",0.339652102991346,"Au","Au=0",0
"343",518,1,0,"01",0,1,0,0,0.5,0.9,0.5,0.8,0.18,0.72,10,"conjunctive",0.72,3,"2","c3","B",0.142536392831839,"B","B=0",0
"344",518,1,0,"01",0,1,0,0,0.5,0.9,0.5,0.8,0.18,0.72,10,"conjunctive",0.72,3,"2","c3","Bu=1",-0.0151468349341195,"Bu","Bu=1",0
"345",519,1,0,"10",1,0,0,0,0.5,0.1,0.5,0.2,0.005,0.02,11,"conjunctive",0.02,3,"2","c3","A",-0.0302417970857712,"A","A=1",0
"346",519,1,0,"10",1,0,0,0,0.5,0.1,0.5,0.2,0.005,0.02,11,"conjunctive",0.02,3,"2","c3","Au=1",-0.408662388159187,"Au","Au=1",0
"347",519,1,0,"10",1,0,0,0,0.5,0.1,0.5,0.2,0.005,0.02,11,"conjunctive",0.02,3,"2","c3","B",0.0302015010912595,"B","B=0",0
"348",519,1,0,"10",1,0,0,0,0.5,0.1,0.5,0.2,0.005,0.02,11,"conjunctive",0.02,3,"2","c3","Bu=0",0.127914684265763,"Bu","Bu=0",0
"349",520,1,0,"11",1,1,0,0,0.5,0.1,0.5,0.8,0.02,0.08,12,"conjunctive",0.08,3,"2","c3","A",-0.0604668333371617,"A","A=1",0
"350",520,1,0,"11",1,1,0,0,0.5,0.1,0.5,0.8,0.02,0.08,12,"conjunctive",0.08,3,"2","c3","Au=1",-0.820088205542828,"Au","Au=1",0
"351",520,1,0,"11",1,1,0,0,0.5,0.1,0.5,0.8,0.02,0.08,12,"conjunctive",0.08,3,"2","c3","B",0.0604601769035106,"B","B=0",0
"352",520,1,0,"11",1,1,0,0,0.5,0.1,0.5,0.8,0.02,0.08,12,"conjunctive",0.08,3,"2","c3","Bu=1",-0.036333734691607,"Bu","Bu=1",0
"353",521,1,1,"00",0,0,0,0,0.5,0.9,0.5,0.2,0.045,0.18,13,"conjunctive",0.195652173913043,4,"2","c4","A",-0.0636382604778112,"A","A=1",0
"354",521,1,1,"00",0,0,0,0,0.5,0.9,0.5,0.2,0.045,0.18,13,"conjunctive",0.195652173913043,4,"2","c4","Au=0",0.0921003440533099,"Au","Au=0",0.015652173913043
"355",521,1,1,"00",0,0,0,0,0.5,0.9,0.5,0.2,0.045,0.18,13,"conjunctive",0.195652173913043,4,"2","c4","B",-0.360581287760414,"B","B=1",0
"356",521,1,1,"00",0,0,0,0,0.5,0.9,0.5,0.2,0.045,0.18,13,"conjunctive",0.195652173913043,4,"2","c4","Bu=0",0.269541040191596,"Bu","Bu=0",0.015652173913043
"357",522,1,1,"00",0,0,1,0,0.5,0.9,0.5,0.2,0.045,0.18,14,"conjunctive",0,5,"2","c5","A",0.0637492451913778,"A","A=1",0
"358",522,1,1,"00",0,0,1,0,0.5,0.9,0.5,0.2,0.045,0.18,14,"conjunctive",0,5,"2","c5","Au=0",-0.0922898154533171,"Au","Au=0",0.18
"359",522,1,1,"00",0,0,1,0,0.5,0.9,0.5,0.2,0.045,0.18,14,"conjunctive",0,5,"2","c5","B",0.360996946649834,"B","B=1",0
"360",522,1,1,"00",0,0,1,0,0.5,0.9,0.5,0.2,0.045,0.18,14,"conjunctive",0,5,"2","c5","Bu=0",-0.269637235780338,"Bu","Bu=0",0.18
"361",523,1,1,"01",0,1,0,0,0.5,0.9,0.5,0.8,0.18,0.72,15,"conjunctive",0.782608695652174,4,"2","c4","A",-0.129942627511022,"A","A=1",0
"362",523,1,1,"01",0,1,0,0,0.5,0.9,0.5,0.8,0.18,0.72,15,"conjunctive",0.782608695652174,4,"2","c4","Au=0",0.188155008495554,"Au","Au=0",0.062608695652174
"363",523,1,1,"01",0,1,0,0,0.5,0.9,0.5,0.8,0.18,0.72,15,"conjunctive",0.782608695652174,4,"2","c4","B",-0.735993017037326,"B","B=1",0
"364",523,1,1,"01",0,1,0,0,0.5,0.9,0.5,0.8,0.18,0.72,15,"conjunctive",0.782608695652174,4,"2","c4","Bu=1",-0.0783669623611709,"Bu","Bu=1",0.062608695652174
"365",524,1,1,"01",0,1,1,0,0.5,0.9,0.5,0.8,0.18,0.72,16,"conjunctive",0,5,"2","c5","A",0.130246564167288,"A","A=1",0
"366",524,1,1,"01",0,1,1,0,0.5,0.9,0.5,0.8,0.18,0.72,16,"conjunctive",0,5,"2","c5","Au=0",-0.188857051379561,"Au","Au=0",0.72
"367",524,1,1,"01",0,1,1,0,0.5,0.9,0.5,0.8,0.18,0.72,16,"conjunctive",0,5,"2","c5","B",0.737930538945916,"B","B=1",0
"368",524,1,1,"01",0,1,1,0,0.5,0.9,0.5,0.8,0.18,0.72,16,"conjunctive",0,5,"2","c5","Bu=1",0.0784201317560157,"Bu","Bu=1",0.72
"369",525,1,1,"10",1,0,0,0,0.5,0.1,0.5,0.2,0.005,0.02,17,"conjunctive",0.0217391304347826,4,"2","c4","A",-0.159560594845472,"A","A=1",0
"370",525,1,1,"10",1,0,0,0,0.5,0.1,0.5,0.2,0.005,0.02,17,"conjunctive",0.0217391304347826,4,"2","c4","Au=1",-0.230830717720789,"Au","Au=1",0.0017391304347826
"371",525,1,1,"10",1,0,0,0,0.5,0.1,0.5,0.2,0.005,0.02,17,"conjunctive",0.0217391304347826,4,"2","c4","B",-0.15977698970531,"B","B=1",0
"372",525,1,1,"10",1,0,0,0,0.5,0.1,0.5,0.2,0.005,0.02,17,"conjunctive",0.0217391304347826,4,"2","c4","Bu=0",0.677415497290348,"Bu","Bu=0",0.0017391304347826
"373",526,1,1,"10",1,0,1,0,0.5,0.1,0.5,0.2,0.005,0.02,18,"conjunctive",0,5,"2","c5","A",0.159662512701429,"A","A=1",0
"374",526,1,1,"10",1,0,1,0,0.5,0.1,0.5,0.2,0.005,0.02,18,"conjunctive",0,5,"2","c5","Au=1",0.231036390833415,"Au","Au=1",0.02
"375",526,1,1,"10",1,0,1,0,0.5,0.1,0.5,0.2,0.005,0.02,18,"conjunctive",0,5,"2","c5","B",0.159592935988979,"B","B=1",0
"376",526,1,1,"10",1,0,1,0,0.5,0.1,0.5,0.2,0.005,0.02,18,"conjunctive",0,5,"2","c5","Bu=0",-0.67857965562115,"Bu","Bu=0",0.02
"377",527,1,1,"11",1,1,0,1,0.5,0.1,0.5,0.8,0.02,0.08,19,"conjunctive",0,4,"2","c4","A",-0.415792009127193,"A","A=1",0
"378",527,1,1,"11",1,1,0,1,0.5,0.1,0.5,0.8,0.02,0.08,19,"conjunctive",0,4,"2","c4","Au=1",-0.603275582950415,"Au","Au=1",0.08
"379",527,1,1,"11",1,1,0,1,0.5,0.1,0.5,0.8,0.02,0.08,19,"conjunctive",0,4,"2","c4","B",-0.41621671186218,"B","B=1",0
"380",527,1,1,"11",1,1,0,1,0.5,0.1,0.5,0.8,0.02,0.08,19,"conjunctive",0,4,"2","c4","Bu=1",-0.250268933024092,"Bu","Bu=1",0.08
"381",528,1,1,"11",1,1,1,1,0.5,0.1,0.5,0.8,0.02,0.08,20,"conjunctive",1,5,"2","c5","A",0.417390986639466,"A","A=1",0
"382",528,1,1,"11",1,1,1,1,0.5,0.1,0.5,0.8,0.02,0.08,20,"conjunctive",1,5,"2","c5","Au=1",0.603273493028209,"Au","Au=1",0.92
"383",528,1,1,"11",1,1,1,1,0.5,0.1,0.5,0.8,0.02,0.08,20,"conjunctive",1,5,"2","c5","B",0.416974454310046,"B","B=1",0
"384",528,1,1,"11",1,1,1,1,0.5,0.1,0.5,0.8,0.02,0.08,20,"conjunctive",1,5,"2","c5","Bu=1",0.249688387957975,"Bu","Bu=1",0.92
"385",961,0,0,"00",0,0,0,0,0.9,0.3,0.2,0.5,0.027,0.15,1,"disjunctive",0.15,1,"3","d1","A",0.174861211172846,"A","A=0",0
"386",961,0,0,"00",0,0,0,0,0.9,0.3,0.2,0.5,0.027,0.15,1,"disjunctive",0.15,1,"3","d1","Au=0",0.060001788546087,"Au","Au=0",0
"387",961,0,0,"00",0,0,0,0,0.9,0.3,0.2,0.5,0.027,0.15,1,"disjunctive",0.15,1,"3","d1","B",0.317747533494279,"B","B=0",0
"388",961,0,0,"00",0,0,0,0,0.9,0.3,0.2,0.5,0.027,0.15,1,"disjunctive",0.15,1,"3","d1","Bu=0",0.423091769627898,"Bu","Bu=0",0
"389",962,0,0,"01",0,1,0,0,0.9,0.3,0.2,0.5,0.027,0.15,2,"disjunctive",0.15,1,"3","d1","A",0.0678493053426472,"A","A=0",0
"390",962,0,0,"01",0,1,0,0,0.9,0.3,0.2,0.5,0.027,0.15,2,"disjunctive",0.15,1,"3","d1","Au=0",0.0255643521955804,"Au","Au=0",0
"391",962,0,0,"01",0,1,0,0,0.9,0.3,0.2,0.5,0.027,0.15,2,"disjunctive",0.15,1,"3","d1","B",0.8880116696826,"B","B=0",0
"392",962,0,0,"01",0,1,0,0,0.9,0.3,0.2,0.5,0.027,0.15,2,"disjunctive",0.15,1,"3","d1","Bu=1",-0.209585556813068,"Bu","Bu=1",0
"393",963,0,0,"10",1,0,0,0,0.9,0.7,0.2,0.5,0.063,0.35,3,"disjunctive",0.35,1,"3","d1","A",0.0870923812557195,"A","A=0",0
"394",963,0,0,"10",1,0,0,0,0.9,0.7,0.2,0.5,0.063,0.35,3,"disjunctive",0.35,1,"3","d1","Au=1",-0.0311922432043081,"Au","Au=1",0
"395",963,0,0,"10",1,0,0,0,0.9,0.7,0.2,0.5,0.063,0.35,3,"disjunctive",0.35,1,"3","d1","B",0.100238300159885,"B","B=0",0
"396",963,0,0,"10",1,0,0,0,0.9,0.7,0.2,0.5,0.063,0.35,3,"disjunctive",0.35,1,"3","d1","Bu=0",0.943888297362759,"Bu","Bu=0",0
"397",964,0,0,"11",1,1,0,0,0.9,0.7,0.2,0.5,0.063,0.35,4,"disjunctive",0.35,1,"3","d1","A",0.0170549690276647,"A","A=0",0
"398",964,0,0,"11",1,1,0,0,0.9,0.7,0.2,0.5,0.063,0.35,4,"disjunctive",0.35,1,"3","d1","Au=1",-0.0055533953606666,"Au","Au=1",0
"399",964,0,0,"11",1,1,0,0,0.9,0.7,0.2,0.5,0.063,0.35,4,"disjunctive",0.35,1,"3","d1","B",0.500537917013814,"B","B=0",0
"400",964,0,0,"11",1,1,0,0,0.9,0.7,0.2,0.5,0.063,0.35,4,"disjunctive",0.35,1,"3","d1","Bu=1",-0.834657649774026,"Bu","Bu=1",0
"401",965,0,1,"00",0,0,0,0,0.9,0.3,0.8,0.5,0.108,0.15,5,"disjunctive",0.3,2,"3","d2","A",0.616432046258486,"A","A=0",0
"402",965,0,1,"00",0,0,0,0,0.9,0.3,0.8,0.5,0.108,0.15,5,"disjunctive",0.3,2,"3","d2","Au=0",0.0329175061297602,"Au","Au=0",0.15
"403",965,0,1,"00",0,0,0,0,0.9,0.3,0.8,0.5,0.108,0.15,5,"disjunctive",0.3,2,"3","d2","B",-0.259523472683344,"B","B=1",0
"404",965,0,1,"00",0,0,0,0,0.9,0.3,0.8,0.5,0.108,0.15,5,"disjunctive",0.3,2,"3","d2","Bu=0",0.346193169264784,"Bu","Bu=0",0.15
"405",966,0,1,"00",0,0,1,0,0.9,0.3,0.8,0.5,0.108,0.15,6,"disjunctive",0,3,"3","d3","A",-0.620132656077443,"A","A=0",0
"406",966,0,1,"00",0,0,1,0,0.9,0.3,0.8,0.5,0.108,0.15,6,"disjunctive",0,3,"3","d3","Au=0",-0.0342136014058685,"Au","Au=0",0.15
"407",966,0,1,"00",0,0,1,0,0.9,0.3,0.8,0.5,0.108,0.15,6,"disjunctive",0,3,"3","d3","B",0.257540973473736,"B","B=1",0
"408",966,0,1,"00",0,0,1,0,0.9,0.3,0.8,0.5,0.108,0.15,6,"disjunctive",0,3,"3","d3","Bu=0",-0.343659041327874,"Bu","Bu=0",0.15
"409",967,0,1,"01",0,1,0,1,0.9,0.3,0.8,0.5,0.108,0.15,7,"disjunctive",0,2,"3","d2","A",0.296099838656904,"A","A=0",0
"410",967,0,1,"01",0,1,0,1,0.9,0.3,0.8,0.5,0.108,0.15,7,"disjunctive",0,2,"3","d2","Au=0",0.0179372329016847,"Au","Au=0",0.15
"411",967,0,1,"01",0,1,0,1,0.9,0.3,0.8,0.5,0.108,0.15,7,"disjunctive",0,2,"3","d2","B",-0.844764726122169,"B","B=1",0
"412",967,0,1,"01",0,1,0,1,0.9,0.3,0.8,0.5,0.108,0.15,7,"disjunctive",0,2,"3","d2","Bu=1",-0.19973597019446,"Bu","Bu=1",0.15
"413",968,0,1,"01",0,1,1,1,0.9,0.3,0.8,0.5,0.108,0.15,8,"disjunctive",0.3,3,"3","d3","A",-0.294018801883461,"A","A=0",0
"414",968,0,1,"01",0,1,1,1,0.9,0.3,0.8,0.5,0.108,0.15,8,"disjunctive",0.3,3,"3","d3","Au=0",-0.0164710285624439,"Au","Au=0",0.15
"415",968,0,1,"01",0,1,1,1,0.9,0.3,0.8,0.5,0.108,0.15,8,"disjunctive",0.3,3,"3","d3","B",0.844750203251796,"B","B=1",0
"416",968,0,1,"01",0,1,1,1,0.9,0.3,0.8,0.5,0.108,0.15,8,"disjunctive",0.3,3,"3","d3","Bu=1",0.200664135766152,"Bu","Bu=1",0.15
"417",969,0,1,"10",1,0,0,0,0.9,0.7,0.8,0.5,0.252,0.35,9,"disjunctive",0.7,2,"3","d2","A",0.360613716534152,"A","A=0",0
"418",969,0,1,"10",1,0,0,0,0.9,0.7,0.8,0.5,0.252,0.35,9,"disjunctive",0.7,2,"3","d2","Au=1",-0.0196184449874481,"Au","Au=1",0.35
"419",969,0,1,"10",1,0,0,0,0.9,0.7,0.8,0.5,0.252,0.35,9,"disjunctive",0.7,2,"3","d2","B",-0.093234872574112,"B","B=1",0
"420",969,0,1,"10",1,0,0,0,0.9,0.7,0.8,0.5,0.252,0.35,9,"disjunctive",0.7,2,"3","d2","Bu=0",0.880207001923245,"Bu","Bu=0",0.35
"421",970,0,1,"10",1,0,1,0,0.9,0.7,0.8,0.5,0.252,0.35,10,"disjunctive",0,3,"3","d3","A",-0.359066041637657,"A","A=0",0
"422",970,0,1,"10",1,0,1,0,0.9,0.7,0.8,0.5,0.252,0.35,10,"disjunctive",0,3,"3","d3","Au=1",0.0195385331563459,"Au","Au=1",0.35
"423",970,0,1,"10",1,0,1,0,0.9,0.7,0.8,0.5,0.252,0.35,10,"disjunctive",0,3,"3","d3","B",0.0940280884110766,"B","B=1",0
"424",970,0,1,"10",1,0,1,0,0.9,0.7,0.8,0.5,0.252,0.35,10,"disjunctive",0,3,"3","d3","Bu=0",-0.880317328330128,"Bu","Bu=0",0.35
"425",971,0,1,"11",1,1,0,1,0.9,0.7,0.8,0.5,0.252,0.35,11,"disjunctive",0,2,"3","d2","A",0.0784687508563063,"A","A=0",0
"426",971,0,1,"11",1,1,0,1,0.9,0.7,0.8,0.5,0.252,0.35,11,"disjunctive",0,2,"3","d2","Au=1",-0.00417292277347893,"Au","Au=1",0.35
"427",971,0,1,"11",1,1,0,1,0.9,0.7,0.8,0.5,0.252,0.35,11,"disjunctive",0,2,"3","d2","B",-0.495054613690555,"B","B=1",0
"428",971,0,1,"11",1,1,0,1,0.9,0.7,0.8,0.5,0.252,0.35,11,"disjunctive",0,2,"3","d2","Bu=1",-0.823275676409305,"Bu","Bu=1",0.35
"429",972,0,1,"11",1,1,1,1,0.9,0.7,0.8,0.5,0.252,0.35,12,"disjunctive",0.7,3,"3","d3","A",-0.0782362439583047,"A","A=0",0
"430",972,0,1,"11",1,1,1,1,0.9,0.7,0.8,0.5,0.252,0.35,12,"disjunctive",0.7,3,"3","d3","Au=1",0.00290457168124772,"Au","Au=1",0.35
"431",972,0,1,"11",1,1,1,1,0.9,0.7,0.8,0.5,0.252,0.35,12,"disjunctive",0.7,3,"3","d3","B",0.495193485644251,"B","B=1",0
"432",972,0,1,"11",1,1,1,1,0.9,0.7,0.8,0.5,0.252,0.35,12,"disjunctive",0.7,3,"3","d3","Bu=1",0.823427953248753,"Bu","Bu=1",0.35
"433",973,1,0,"00",0,0,0,0,0.1,0.3,0.2,0.5,0.003,0.15,13,"disjunctive",0.5,4,"3","d4","A",-0.232558915225837,"A","A=1",0
"434",973,1,0,"00",0,0,0,0,0.1,0.3,0.2,0.5,0.003,0.15,13,"disjunctive",0.5,4,"3","d4","Au=0",0.740220061279282,"Au","Au=0",0.35
"435",973,1,0,"00",0,0,0,0,0.1,0.3,0.2,0.5,0.003,0.15,13,"disjunctive",0.5,4,"3","d4","B",0.139615884687345,"B","B=0",0
"436",973,1,0,"00",0,0,0,0,0.1,0.3,0.2,0.5,0.003,0.15,13,"disjunctive",0.5,4,"3","d4","Bu=0",0.186891077765327,"Bu","Bu=0",0.35
"437",974,1,0,"00",0,0,1,0,0.1,0.3,0.2,0.5,0.003,0.15,14,"disjunctive",0,5,"3","d5","A",0.231948513273325,"A","A=1",0
"438",974,1,0,"00",0,0,1,0,0.1,0.3,0.2,0.5,0.003,0.15,14,"disjunctive",0,5,"3","d5","Au=0",-0.739577880850051,"Au","Au=0",0.15
"439",974,1,0,"00",0,0,1,0,0.1,0.3,0.2,0.5,0.003,0.15,14,"disjunctive",0,5,"3","d5","B",-0.140751551612426,"B","B=0",0
"440",974,1,0,"00",0,0,1,0,0.1,0.3,0.2,0.5,0.003,0.15,14,"disjunctive",0,5,"3","d5","Bu=0",-0.187452210876589,"Bu","Bu=0",0.15
"441",975,1,0,"01",0,1,0,0,0.1,0.3,0.2,0.5,0.003,0.15,15,"disjunctive",0.5,4,"3","d4","A",-0.159298825703742,"A","A=1",0
"442",975,1,0,"01",0,1,0,0,0.1,0.3,0.2,0.5,0.003,0.15,15,"disjunctive",0.5,4,"3","d4","Au=0",0.506117844316629,"Au","Au=0",0.35
"443",975,1,0,"01",0,1,0,0,0.1,0.3,0.2,0.5,0.003,0.15,15,"disjunctive",0.5,4,"3","d4","B",0.654205620944579,"B","B=0",0
"444",975,1,0,"01",0,1,0,0,0.1,0.3,0.2,0.5,0.003,0.15,15,"disjunctive",0.5,4,"3","d4","Bu=1",-0.155048766672997,"Bu","Bu=1",0.35
"445",976,1,0,"01",0,1,1,0,0.1,0.3,0.2,0.5,0.003,0.15,16,"disjunctive",0,5,"3","d5","A",0.157995010331385,"A","A=1",0
"446",976,1,0,"01",0,1,1,0,0.1,0.3,0.2,0.5,0.003,0.15,16,"disjunctive",0,5,"3","d5","Au=0",-0.503485033955902,"Au","Au=0",0.15
"447",976,1,0,"01",0,1,1,0,0.1,0.3,0.2,0.5,0.003,0.15,16,"disjunctive",0,5,"3","d5","B",-0.655816268283877,"B","B=0",0
"448",976,1,0,"01",0,1,1,0,0.1,0.3,0.2,0.5,0.003,0.15,16,"disjunctive",0,5,"3","d5","Bu=1",0.154042940602479,"Bu","Bu=1",0.15
"449",977,1,0,"10",1,0,0,1,0.1,0.7,0.2,0.5,0.007,0.35,17,"disjunctive",0,4,"3","d4","A",-0.178160505411004,"A","A=1",0
"450",977,1,0,"10",1,0,0,1,0.1,0.7,0.2,0.5,0.007,0.35,17,"disjunctive",0,4,"3","d4","Au=1",-0.572446438330417,"Au","Au=1",0.35
"451",977,1,0,"10",1,0,0,1,0.1,0.7,0.2,0.5,0.007,0.35,17,"disjunctive",0,4,"3","d4","B",0.0682978163962498,"B","B=0",0
"452",977,1,0,"10",1,0,0,1,0.1,0.7,0.2,0.5,0.007,0.35,17,"disjunctive",0,4,"3","d4","Bu=0",0.639087311330655,"Bu","Bu=0",0.35
"453",978,1,0,"10",1,0,1,1,0.1,0.7,0.2,0.5,0.007,0.35,18,"disjunctive",0.5,5,"3","d5","A",0.180114689007005,"A","A=1",0
"454",978,1,0,"10",1,0,1,1,0.1,0.7,0.2,0.5,0.007,0.35,18,"disjunctive",0.5,5,"3","d5","Au=1",0.573769373281313,"Au","Au=1",0.15
"455",978,1,0,"10",1,0,1,1,0.1,0.7,0.2,0.5,0.007,0.35,18,"disjunctive",0.5,5,"3","d5","B",-0.0682840356876175,"B","B=0",0
"456",978,1,0,"10",1,0,1,1,0.1,0.7,0.2,0.5,0.007,0.35,18,"disjunctive",0.5,5,"3","d5","Bu=0",-0.638504222971392,"Bu","Bu=0",0.15
"457",979,1,0,"11",1,1,0,1,0.1,0.7,0.2,0.5,0.007,0.35,19,"disjunctive",0,4,"3","d4","A",-0.0488979305496778,"A","A=1",0
"458",979,1,0,"11",1,1,0,1,0.1,0.7,0.2,0.5,0.007,0.35,19,"disjunctive",0,4,"3","d4","Au=1",-0.158870516175954,"Au","Au=1",0.35
"459",979,1,0,"11",1,1,0,1,0.1,0.7,0.2,0.5,0.007,0.35,19,"disjunctive",0,4,"3","d4","B",0.457085855468506,"B","B=0",0
"460",979,1,0,"11",1,1,0,1,0.1,0.7,0.2,0.5,0.007,0.35,19,"disjunctive",0,4,"3","d4","Bu=1",-0.75530397824645,"Bu","Bu=1",0.35
"461",980,1,0,"11",1,1,1,1,0.1,0.7,0.2,0.5,0.007,0.35,20,"disjunctive",0.5,5,"3","d5","A",0.0492188657111248,"A","A=1",0
"462",980,1,0,"11",1,1,1,1,0.1,0.7,0.2,0.5,0.007,0.35,20,"disjunctive",0.5,5,"3","d5","Au=1",0.159806981576222,"Au","Au=1",0.15
"463",980,1,0,"11",1,1,1,1,0.1,0.7,0.2,0.5,0.007,0.35,20,"disjunctive",0.5,5,"3","d5","B",-0.454088334769395,"B","B=0",0
"464",980,1,0,"11",1,1,1,1,0.1,0.7,0.2,0.5,0.007,0.35,20,"disjunctive",0.5,5,"3","d5","Bu=1",0.757579546036316,"Bu","Bu=1",0.15
"465",981,1,1,"00",0,0,0,0,0.1,0.3,0.8,0.5,0.012,0.15,21,"disjunctive",1,6,"3","d6","A",-0.833641598763678,"A","A=1",0
"466",981,1,1,"00",0,0,0,0,0.1,0.3,0.8,0.5,0.012,0.15,21,"disjunctive",1,6,"3","d6","Au=0",0.430788589643657,"Au","Au=0",0.85
"467",981,1,1,"00",0,0,0,0,0.1,0.3,0.8,0.5,0.012,0.15,21,"disjunctive",1,6,"3","d6","B",-0.0447653362846572,"B","B=1",0
"468",981,1,1,"00",0,0,0,0,0.1,0.3,0.8,0.5,0.012,0.15,21,"disjunctive",1,6,"3","d6","Bu=0",0.0610840557160366,"Bu","Bu=0",0.85
"469",982,1,1,"00",0,0,1,0,0.1,0.3,0.8,0.5,0.012,0.15,22,"disjunctive",0,7,"3","d7","A",0.833364502588605,"A","A=1",0
"470",982,1,1,"00",0,0,1,0,0.1,0.3,0.8,0.5,0.012,0.15,22,"disjunctive",0,7,"3","d7","Au=0",-0.429442486060106,"Au","Au=0",0.15
"471",982,1,1,"00",0,0,1,0,0.1,0.3,0.8,0.5,0.012,0.15,22,"disjunctive",0,7,"3","d7","B",0.0479001933270455,"B","B=1",0
"472",982,1,1,"00",0,0,1,0,0.1,0.3,0.8,0.5,0.012,0.15,22,"disjunctive",0,7,"3","d7","Bu=0",-0.0612404473517675,"Bu","Bu=0",0.15
"473",983,1,1,"01",0,1,0,1,0.1,0.3,0.8,0.5,0.012,0.15,23,"disjunctive",0,6,"3","d6","A",-0.727399179184718,"A","A=1",0
"474",983,1,1,"01",0,1,0,1,0.1,0.3,0.8,0.5,0.012,0.15,23,"disjunctive",0,6,"3","d6","Au=0",0.37639795058572,"Au","Au=0",0.15
"475",983,1,1,"01",0,1,0,1,0.1,0.3,0.8,0.5,0.012,0.15,23,"disjunctive",0,6,"3","d6","B",-0.275176055546593,"B","B=1",0
"476",983,1,1,"01",0,1,0,1,0.1,0.3,0.8,0.5,0.012,0.15,23,"disjunctive",0,6,"3","d6","Bu=1",-0.0627719637743138,"Bu","Bu=1",0.15
"477",984,1,1,"01",0,1,1,1,0.1,0.3,0.8,0.5,0.012,0.15,24,"disjunctive",0.176470588235294,7,"3","d7","A",0.726700826637563,"A","A=1",0
"478",984,1,1,"01",0,1,1,1,0.1,0.3,0.8,0.5,0.012,0.15,24,"disjunctive",0.176470588235294,7,"3","d7","Au=0",-0.375560729496733,"Au","Au=0",0.026470588235294
"479",984,1,1,"01",0,1,1,1,0.1,0.3,0.8,0.5,0.012,0.15,24,"disjunctive",0.176470588235294,7,"3","d7","B",0.274481446256179,"B","B=1",0
"480",984,1,1,"01",0,1,1,1,0.1,0.3,0.8,0.5,0.012,0.15,24,"disjunctive",0.176470588235294,7,"3","d7","Bu=1",0.0643405607860983,"Bu","Bu=1",0.026470588235294
"481",985,1,1,"10",1,0,0,1,0.1,0.7,0.8,0.5,0.028,0.35,25,"disjunctive",0,6,"3","d6","A",-0.767193897100546,"A","A=1",0
"482",985,1,1,"10",1,0,0,1,0.1,0.7,0.8,0.5,0.028,0.35,25,"disjunctive",0,6,"3","d6","Au=1",-0.394463871797315,"Au","Au=1",0.35
"483",985,1,1,"10",1,0,0,1,0.1,0.7,0.8,0.5,0.028,0.35,25,"disjunctive",0,6,"3","d6","B",-0.026602924255948,"B","B=1",0
"484",985,1,1,"10",1,0,0,1,0.1,0.7,0.8,0.5,0.028,0.35,25,"disjunctive",0,6,"3","d6","Bu=0",0.249041249192116,"Bu","Bu=0",0.35
"485",986,1,1,"10",1,0,1,1,0.1,0.7,0.8,0.5,0.028,0.35,26,"disjunctive",0.411764705882353,7,"3","d7","A",0.767174322565275,"A","A=1",0
"486",986,1,1,"10",1,0,1,1,0.1,0.7,0.8,0.5,0.028,0.35,26,"disjunctive",0.411764705882353,7,"3","d7","Au=1",0.395460581301962,"Au","Au=1",0.061764705882353
"487",986,1,1,"10",1,0,1,1,0.1,0.7,0.8,0.5,0.028,0.35,26,"disjunctive",0.411764705882353,7,"3","d7","B",0.0275115010020362,"B","B=1",0
"488",986,1,1,"10",1,0,1,1,0.1,0.7,0.8,0.5,0.028,0.35,26,"disjunctive",0.411764705882353,7,"3","d7","Bu=0",-0.248273569251045,"Bu","Bu=0",0.061764705882353
"489",987,1,1,"11",1,1,0,1,0.1,0.7,0.8,0.5,0.028,0.35,27,"disjunctive",0,6,"3","d6","A",-0.322755320035876,"A","A=1",0
"490",987,1,1,"11",1,1,0,1,0.1,0.7,0.8,0.5,0.028,0.35,27,"disjunctive",0,6,"3","d6","Au=1",-0.167306267494049,"Au","Au=1",0.35
"491",987,1,1,"11",1,1,0,1,0.1,0.7,0.8,0.5,0.028,0.35,27,"disjunctive",0,6,"3","d6","B",-0.268419534934667,"B","B=1",0
"492",987,1,1,"11",1,1,0,1,0.1,0.7,0.8,0.5,0.028,0.35,27,"disjunctive",0,6,"3","d6","Bu=1",-0.448119048316322,"Bu","Bu=1",0.35
"493",988,1,1,"11",1,1,1,1,0.1,0.7,0.8,0.5,0.028,0.35,28,"disjunctive",0.411764705882353,7,"3","d7","A",0.322710602843953,"A","A=1",0
"494",988,1,1,"11",1,1,1,1,0.1,0.7,0.8,0.5,0.028,0.35,28,"disjunctive",0.411764705882353,7,"3","d7","Au=1",0.168148731840809,"Au","Au=1",0.061764705882353
"495",988,1,1,"11",1,1,1,1,0.1,0.7,0.8,0.5,0.028,0.35,28,"disjunctive",0.411764705882353,7,"3","d7","B",0.269171855423291,"B","B=1",0
"496",988,1,1,"11",1,1,1,1,0.1,0.7,0.8,0.5,0.028,0.35,28,"disjunctive",0.411764705882353,7,"3","d7","Bu=1",0.450013896779852,"Bu","Bu=1",0.061764705882353
"497",989,0,0,"00",0,0,0,0,0.9,0.3,0.2,0.5,0.027,0.15,1,"conjunctive",0.15,1,"3","c1","A",0.088295910882874,"A","A=0",0
"498",989,0,0,"00",0,0,0,0,0.9,0.3,0.2,0.5,0.027,0.15,1,"conjunctive",0.15,1,"3","c1","Au=0",0.030101015363002,"Au","Au=0",0
"499",989,0,0,"00",0,0,0,0,0.9,0.3,0.2,0.5,0.027,0.15,1,"conjunctive",0.15,1,"3","c1","B",0.027607800718071,"B","B=0",0
"500",989,0,0,"00",0,0,0,0,0.9,0.3,0.2,0.5,0.027,0.15,1,"conjunctive",0.15,1,"3","c1","Bu=0",0.0369481571199415,"Bu","Bu=0",0
"501",990,0,0,"01",0,1,0,0,0.9,0.3,0.2,0.5,0.027,0.15,2,"conjunctive",0.15,1,"3","c1","A",0.204988028153026,"A","A=0",0
"502",990,0,0,"01",0,1,0,0,0.9,0.3,0.2,0.5,0.027,0.15,2,"conjunctive",0.15,1,"3","c1","Au=0",0.0700651297253004,"Au","Au=0",0
"503",990,0,0,"01",0,1,0,0,0.9,0.3,0.2,0.5,0.027,0.15,2,"conjunctive",0.15,1,"3","c1","B",0.0643103161855081,"B","B=0",0
"504",990,0,0,"01",0,1,0,0,0.9,0.3,0.2,0.5,0.027,0.15,2,"conjunctive",0.15,1,"3","c1","Bu=1",-0.0152178321466453,"Bu","Bu=1",0
"505",991,0,0,"10",1,0,0,0,0.9,0.7,0.2,0.5,0.063,0.35,3,"conjunctive",0.35,1,"3","c1","A",0.170436884028506,"A","A=0",0
"506",991,0,0,"10",1,0,0,0,0.9,0.7,0.2,0.5,0.063,0.35,3,"conjunctive",0.35,1,"3","c1","Au=1",-0.0582150716495506,"Au","Au=1",0
"507",991,0,0,"10",1,0,0,0,0.9,0.7,0.2,0.5,0.063,0.35,3,"conjunctive",0.35,1,"3","c1","B",0.00758599397610949,"B","B=0",0
"508",991,0,0,"10",1,0,0,0,0.9,0.7,0.2,0.5,0.063,0.35,3,"conjunctive",0.35,1,"3","c1","Bu=0",0.0713759096960345,"Bu","Bu=0",0
"509",992,0,0,"11",1,1,0,0,0.9,0.7,0.2,0.5,0.063,0.35,4,"conjunctive",0.35,1,"3","c1","A",0.408054058251425,"A","A=0",0
"510",992,0,0,"11",1,1,0,0,0.9,0.7,0.2,0.5,0.063,0.35,4,"conjunctive",0.35,1,"3","c1","Au=1",-0.139248413656976,"Au","Au=1",0
"511",992,0,0,"11",1,1,0,0,0.9,0.7,0.2,0.5,0.063,0.35,4,"conjunctive",0.35,1,"3","c1","B",0.0181597955851193,"B","B=0",0
"512",992,0,0,"11",1,1,0,0,0.9,0.7,0.2,0.5,0.063,0.35,4,"conjunctive",0.35,1,"3","c1","Bu=1",-0.0301692961146603,"Bu","Bu=1",0
"513",993,0,1,"00",0,0,0,0,0.9,0.3,0.8,0.5,0.108,0.15,5,"conjunctive",0.15,2,"3","c2","A",0.178093090114421,"A","A=0",0
"514",993,0,1,"00",0,0,0,0,0.9,0.3,0.8,0.5,0.108,0.15,5,"conjunctive",0.15,2,"3","c2","Au=0",0.00979963737155797,"Au","Au=0",0
"515",993,0,1,"00",0,0,0,0,0.9,0.3,0.8,0.5,0.108,0.15,5,"conjunctive",0.15,2,"3","c2","B",-0.0556381090497542,"B","B=1",0
"516",993,0,1,"00",0,0,0,0,0.9,0.3,0.8,0.5,0.108,0.15,5,"conjunctive",0.15,2,"3","c2","Bu=0",0.0744172489064504,"Bu","Bu=0",0
"517",994,0,1,"01",0,1,0,0,0.9,0.3,0.8,0.5,0.108,0.15,6,"conjunctive",0.15,2,"3","c2","A",0.425730437060393,"A","A=0",0
"518",994,0,1,"01",0,1,0,0,0.9,0.3,0.8,0.5,0.108,0.15,6,"conjunctive",0.15,2,"3","c2","Au=0",0.0235816746685573,"Au","Au=0",0
"519",994,0,1,"01",0,1,0,0,0.9,0.3,0.8,0.5,0.108,0.15,6,"conjunctive",0.15,2,"3","c2","B",-0.133352593253614,"B","B=1",0
"520",994,0,1,"01",0,1,0,0,0.9,0.3,0.8,0.5,0.108,0.15,6,"conjunctive",0.15,2,"3","c2","Bu=1",-0.0315148785501303,"Bu","Bu=1",0
"521",995,0,1,"10",1,0,0,0,0.9,0.7,0.8,0.5,0.252,0.35,7,"conjunctive",0.35,2,"3","c2","A",0.346646698978348,"A","A=0",0
"522",995,0,1,"10",1,0,0,0,0.9,0.7,0.8,0.5,0.252,0.35,7,"conjunctive",0.35,2,"3","c2","Au=1",-0.0191777432963472,"Au","Au=1",0
"523",995,0,1,"10",1,0,0,0,0.9,0.7,0.8,0.5,0.252,0.35,7,"conjunctive",0.35,2,"3","c2","B",-0.0154239422302237,"B","B=1",0
"524",995,0,1,"10",1,0,0,0,0.9,0.7,0.8,0.5,0.252,0.35,7,"conjunctive",0.35,2,"3","c2","Bu=0",0.145606737657844,"Bu","Bu=0",0
"525",996,0,1,"11",1,1,0,0,0.9,0.7,0.8,0.5,0.252,0.35,8,"conjunctive",0.35,2,"3","c2","A",0.850537180041266,"A","A=0",0
"526",996,0,1,"11",1,1,0,0,0.9,0.7,0.8,0.5,0.252,0.35,8,"conjunctive",0.35,2,"3","c2","Au=1",-0.0470861036756843,"Au","Au=1",0
"527",996,0,1,"11",1,1,0,0,0.9,0.7,0.8,0.5,0.252,0.35,8,"conjunctive",0.35,2,"3","c2","B",-0.0376755605647317,"B","B=1",0
"528",996,0,1,"11",1,1,0,0,0.9,0.7,0.8,0.5,0.252,0.35,8,"conjunctive",0.35,2,"3","c2","Bu=1",-0.0629372259806646,"Bu","Bu=1",0
"529",997,1,0,"00",0,0,0,0,0.1,0.3,0.2,0.5,0.003,0.15,9,"conjunctive",0.15,3,"3","c3","A",-0.0452295015463139,"A","A=1",0
"530",997,1,0,"00",0,0,0,0,0.1,0.3,0.2,0.5,0.003,0.15,9,"conjunctive",0.15,3,"3","c3","Au=0",0.144205345647877,"Au","Au=0",0
"531",997,1,0,"00",0,0,0,0,0.1,0.3,0.2,0.5,0.003,0.15,9,"conjunctive",0.15,3,"3","c3","B",0.132296547892815,"B","B=0",0
"532",997,1,0,"00",0,0,0,0,0.1,0.3,0.2,0.5,0.003,0.15,9,"conjunctive",0.15,3,"3","c3","Bu=0",0.176904284975754,"Bu","Bu=0",0
"533",998,1,0,"01",0,1,0,0,0.1,0.3,0.2,0.5,0.003,0.15,10,"conjunctive",0.15,3,"3","c3","A",-0.109266463636538,"A","A=1",0
"534",998,1,0,"01",0,1,0,0,0.1,0.3,0.2,0.5,0.003,0.15,10,"conjunctive",0.15,3,"3","c3","Au=0",0.348189275651806,"Au","Au=0",0
"535",998,1,0,"01",0,1,0,0,0.1,0.3,0.2,0.5,0.003,0.15,10,"conjunctive",0.15,3,"3","c3","B",0.318897192779032,"B","B=0",0
"536",998,1,0,"01",0,1,0,0,0.1,0.3,0.2,0.5,0.003,0.15,10,"conjunctive",0.15,3,"3","c3","Bu=1",-0.075481714757362,"Bu","Bu=1",0
"537",999,1,0,"10",1,0,0,0,0.1,0.7,0.2,0.5,0.007,0.35,11,"conjunctive",0.35,3,"3","c3","A",-0.0900900630774147,"A","A=1",0
"538",999,1,0,"10",1,0,0,0,0.1,0.7,0.2,0.5,0.007,0.35,11,"conjunctive",0.35,3,"3","c3","Au=1",-0.287149822722723,"Au","Au=1",0
"539",999,1,0,"10",1,0,0,0,0.1,0.7,0.2,0.5,0.007,0.35,11,"conjunctive",0.35,3,"3","c3","B",0.0375303577219323,"B","B=0",0
"540",999,1,0,"10",1,0,0,0,0.1,0.7,0.2,0.5,0.007,0.35,11,"conjunctive",0.35,3,"3","c3","Bu=0",0.353118773474527,"Bu","Bu=0",0
"541",1000,1,0,"11",1,1,0,0,0.1,0.7,0.2,0.5,0.007,0.35,12,"conjunctive",0.35,3,"3","c3","A",-0.226580278708723,"A","A=1",0
"542",1000,1,0,"11",1,1,0,0,0.1,0.7,0.2,0.5,0.007,0.35,12,"conjunctive",0.35,3,"3","c3","Au=1",-0.724020032268352,"Au","Au=1",0
"543",1000,1,0,"11",1,1,0,0,0.1,0.7,0.2,0.5,0.007,0.35,12,"conjunctive",0.35,3,"3","c3","B",0.0945760936640018,"B","B=0",0
"544",1000,1,0,"11",1,1,0,0,0.1,0.7,0.2,0.5,0.007,0.35,12,"conjunctive",0.35,3,"3","c3","Bu=1",-0.156918252055412,"Bu","Bu=1",0
"545",1001,1,1,"00",0,0,0,0,0.1,0.3,0.8,0.5,0.012,0.15,13,"conjunctive",0.230769230769231,4,"3","c4","A",-0.0956432929022377,"A","A=1",0
"546",1001,1,1,"00",0,0,0,0,0.1,0.3,0.8,0.5,0.012,0.15,13,"conjunctive",0.230769230769231,4,"3","c4","Au=0",0.0495045483808271,"Au","Au=0",0.080769230769231
"547",1001,1,1,"00",0,0,0,0,0.1,0.3,0.8,0.5,0.012,0.15,13,"conjunctive",0.230769230769231,4,"3","c4","B",-0.279955389006678,"B","B=1",0
"548",1001,1,1,"00",0,0,0,0,0.1,0.3,0.8,0.5,0.012,0.15,13,"conjunctive",0.230769230769231,4,"3","c4","Bu=0",0.37425596453567,"Bu","Bu=0",0.080769230769231
"549",1002,1,1,"00",0,0,1,0,0.1,0.3,0.8,0.5,0.012,0.15,14,"conjunctive",0,5,"3","c5","A",0.094857018084178,"A","A=1",0
"550",1002,1,1,"00",0,0,1,0,0.1,0.3,0.8,0.5,0.012,0.15,14,"conjunctive",0,5,"3","c5","Au=0",-0.0489368826123224,"Au","Au=0",0.15
"551",1002,1,1,"00",0,0,1,0,0.1,0.3,0.8,0.5,0.012,0.15,14,"conjunctive",0,5,"3","c5","B",0.277354376101936,"B","B=1",0
"552",1002,1,1,"00",0,0,1,0,0.1,0.3,0.8,0.5,0.012,0.15,14,"conjunctive",0,5,"3","c5","Bu=0",-0.370872089146183,"Bu","Bu=0",0.15
"553",1003,1,1,"01",0,1,0,0,0.1,0.3,0.8,0.5,0.012,0.15,15,"conjunctive",0.230769230769231,4,"3","c4","A",-0.240857456561727,"A","A=1",0
"554",1003,1,1,"01",0,1,0,0,0.1,0.3,0.8,0.5,0.012,0.15,15,"conjunctive",0.230769230769231,4,"3","c4","Au=0",0.124514399376611,"Au","Au=0",0.080769230769231
"555",1003,1,1,"01",0,1,0,0,0.1,0.3,0.8,0.5,0.012,0.15,15,"conjunctive",0.230769230769231,4,"3","c4","B",-0.703882258021113,"B","B=1",0
"556",1003,1,1,"01",0,1,0,0,0.1,0.3,0.8,0.5,0.012,0.15,15,"conjunctive",0.230769230769231,4,"3","c4","Bu=1",-0.16610529872224,"Bu","Bu=1",0.080769230769231
"557",1004,1,1,"01",0,1,1,0,0.1,0.3,0.8,0.5,0.012,0.15,16,"conjunctive",0,5,"3","c5","A",0.24074404178977,"A","A=1",0
"558",1004,1,1,"01",0,1,1,0,0.1,0.3,0.8,0.5,0.012,0.15,16,"conjunctive",0,5,"3","c5","Au=0",-0.124819899102775,"Au","Au=0",0.15
"559",1004,1,1,"01",0,1,1,0,0.1,0.3,0.8,0.5,0.012,0.15,16,"conjunctive",0,5,"3","c5","B",0.703795847586111,"B","B=1",0
"560",1004,1,1,"01",0,1,1,0,0.1,0.3,0.8,0.5,0.012,0.15,16,"conjunctive",0,5,"3","c5","Bu=1",0.167017212457358,"Bu","Bu=1",0.15
"561",1005,1,1,"10",1,0,0,0,0.1,0.7,0.8,0.5,0.028,0.35,17,"conjunctive",0.538461538461539,4,"3","c4","A",-0.195059019330549,"A","A=1",0
"562",1005,1,1,"10",1,0,0,0,0.1,0.7,0.8,0.5,0.028,0.35,17,"conjunctive",0.538461538461539,4,"3","c4","Au=1",-0.101169546964728,"Au","Au=1",0.188461538461539
"563",1005,1,1,"10",1,0,0,0,0.1,0.7,0.8,0.5,0.028,0.35,17,"conjunctive",0.538461538461539,4,"3","c4","B",-0.0810832861695168,"B","B=1",0
"564",1005,1,1,"10",1,0,0,0,0.1,0.7,0.8,0.5,0.028,0.35,17,"conjunctive",0.538461538461539,4,"3","c4","Bu=0",0.765995568434428,"Bu","Bu=0",0.188461538461539
"565",1006,1,1,"10",1,0,1,0,0.1,0.7,0.8,0.5,0.028,0.35,18,"conjunctive",0,5,"3","c5","A",0.195738208948548,"A","A=1",0
"566",1006,1,1,"10",1,0,1,0,0.1,0.7,0.8,0.5,0.028,0.35,18,"conjunctive",0,5,"3","c5","Au=1",0.100902434367293,"Au","Au=1",0.35
"567",1006,1,1,"10",1,0,1,0,0.1,0.7,0.8,0.5,0.028,0.35,18,"conjunctive",0,5,"3","c5","B",0.0814766320173064,"B","B=1",0
"568",1006,1,1,"10",1,0,1,0,0.1,0.7,0.8,0.5,0.028,0.35,18,"conjunctive",0,5,"3","c5","Bu=0",-0.766341534550339,"Bu","Bu=0",0.35
"569",1007,1,1,"11",1,1,0,1,0.1,0.7,0.8,0.5,0.028,0.35,19,"conjunctive",0,4,"3","c4","A",-0.647427143439368,"A","A=1",0
"570",1007,1,1,"11",1,1,0,1,0.1,0.7,0.8,0.5,0.028,0.35,19,"conjunctive",0,4,"3","c4","Au=1",-0.334456546312753,"Au","Au=1",0.35
"571",1007,1,1,"11",1,1,0,1,0.1,0.7,0.8,0.5,0.028,0.35,19,"conjunctive",0,4,"3","c4","B",-0.267916612902104,"B","B=1",0
"572",1007,1,1,"11",1,1,0,1,0.1,0.7,0.8,0.5,0.028,0.35,19,"conjunctive",0,4,"3","c4","Bu=1",-0.444845743565807,"Bu","Bu=1",0.35
"573",1008,1,1,"11",1,1,1,1,0.1,0.7,0.8,0.5,0.028,0.35,20,"conjunctive",1,5,"3","c5","A",0.646723075411874,"A","A=1",0
"574",1008,1,1,"11",1,1,1,1,0.1,0.7,0.8,0.5,0.028,0.35,20,"conjunctive",1,5,"3","c5","Au=1",0.334612133231084,"Au","Au=1",0.65
"575",1008,1,1,"11",1,1,1,1,0.1,0.7,0.8,0.5,0.028,0.35,20,"conjunctive",1,5,"3","c5","B",0.269486598736774,"B","B=1",0
"576",1008,1,1,"11",1,1,1,1,0.1,0.7,0.8,0.5,0.028,0.35,20,"conjunctive",1,5,"3","c5","Bu=1",0.446128429078463,"Bu","Bu=1",0.65
